0,1,2,3,4,5,6,7
0.1284097,0.20363466,0.16651192,0.20083891,0.15843658,0.15440747,0.13024646,0.17810601
0.15877981,0.24449846,0.22942132,0.28728098,0.2204085,0.24396709,0.17120641,0.23754309
0.11142188,0.14104217,0.14263164,0.16556999,0.14201467,0.14758839,0.1186876,0.13901463
0.15537554,0.16004014,0.19608188,0.24485742,0.18941925,0.21443342,0.13190757,0.19911997
0.17630595,0.17574894,0.20767921,0.23977126,0.20500591,0.23352648,0.14381754,0.21100365
0.13859962,0.1466178,0.1624282,0.19978628,0.16672032,0.16440518,0.107003234,0.15856029
0.11740393,0.11629642,0.17062755,0.17343725,0.15438052,0.18952155,0.094452016,0.13755512
0.12993014,0.1400434,0.16510595,0.20841804,0.16028886,0.16748725,0.09789557,0.17566888
0.14664377,0.16584729,0.18740498,0.22936931,0.18154398,0.22047336,0.13990453,0.17507264
0.11666673,0.1250411,0.1509593,0.2206222,0.14652902,0.19397157,0.09665727,0.12953116
0.15344037,0.14276904,0.17585686,0.21906771,0.16325921,0.18556044,0.115048096,0.16246472
0.14382645,0.16932091,0.19689532,0.20664318,0.16099286,0.16388829,0.11218791,0.17706263
0.18744099,0.25500396,0.28411525,0.28187597,0.22925879,0.24008898,0.17851499,0.26485792
0.12246088,0.15584289,0.17506395,0.19713873,0.16945775,0.20998172,0.11622274,0.17297369
0.111680634,0.135403,0.15322159,0.17898346,0.15162382,0.1569642,0.1410883,0.14261127
0.14611517,0.15585649,0.18520041,0.24597599,0.20780051,0.23109023,0.14611259,0.20352533
0.1872261,0.16628687,0.25899994,0.2788491,0.28987116,0.3449272,0.16062069,0.2683903
0.10686831,0.11648839,0.14395268,0.16756094,0.13254334,0.17126027,0.098515026,0.12841524
0.14261314,0.15646452,0.19520703,0.22809711,0.19486699,0.21367197,0.12207803,0.20136367
0.12509415,0.10345983,0.12655164,0.1410881,0.14759827,0.15769689,0.081883095,0.120374344
0.1523785,0.17820542,0.20089686,0.27752966,0.18700258,0.19766593,0.13015278,0.19712853
0.11792541,0.14658368,0.14334169,0.17994095,0.13192119,0.15259169,0.101392984,0.14478931
0.10519477,0.13106678,0.13176097,0.16876611,0.13853562,0.14196031,0.14726141,0.13037239
0.20667498,0.16618754,0.22068281,0.24579152,0.19506216,0.23903763,0.12447713,0.22588685
0.15975879,0.19725591,0.16868852,0.2754516,0.19346753,0.21619202,0.13836929,0.19928086
0.12720859,0.13940516,0.14740255,0.1947956,0.13395284,0.17584439,0.09849272,0.1560853
0.13920222,0.15364094,0.18245482,0.23771861,0.19062245,0.2463746,0.14056975,0.16947624
0.10984752,0.1392306,0.14236096,0.22879931,0.21065208,0.24099384,0.12449607,0.16067648
0.15283343,0.16718051,0.20593067,0.2318491,0.18117884,0.21129411,0.11409429,0.1899001
0.091248095,0.12257124,0.12718867,0.1376658,0.11267168,0.12095125,0.10147678,0.116975516
0.11723214,0.14514929,0.17717637,0.19675599,0.14267823,0.18782552,0.10042784,0.1640413
0.14994697,0.18390684,0.18909086,0.21612348,0.1876723,0.18245906,0.17005585,0.1985052
0.14870925,0.17039166,0.17963362,0.19423562,0.17701961,0.1861504,0.13214925,0.17000787
0.11494169,0.12454874,0.1472822,0.19807546,0.16175751,0.1863768,0.11648972,0.13084033
0.16063936,0.17410772,0.18737596,0.20013018,0.1718702,0.21136789,0.13956828,0.16748035
0.11966256,0.13793145,0.14995353,0.20782666,0.17268619,0.16779289,0.13410197,0.1516702
0.124367796,0.15394893,0.19525723,0.21282938,0.18843298,0.244745,0.12746021,0.18074551
0.14791851,0.19312629,0.17429344,0.27761373,0.18904044,0.25060025,0.12180831,0.19356836
0.14398076,0.16049509,0.18301083,0.25537813,0.1726912,0.21148032,0.11336229,0.1708812
0.09685529,0.09743789,0.13989244,0.15224312,0.12215384,0.15845512,0.08711549,0.112642005
0.25585315,0.27910617,0.24488634,0.320989,0.2304991,0.2914851,0.15791151,0.24336004
0.12637228,0.13284886,0.16666168,0.1748158,0.17985119,0.16827057,0.11443421,0.16991754
0.24223322,0.28975505,0.29848874,0.3261774,0.24305037,0.29286507,0.18993412,0.282736
0.11206357,0.12739097,0.15917175,0.17265,0.15115692,0.16063209,0.11787058,0.13730876
0.10490864,0.12901777,0.1227189,0.21934114,0.1500451,0.13242514,0.09598148,0.11884087
0.2509453,0.28025344,0.3249012,0.29628322,0.24605097,0.28787294,0.18523519,0.30769527
0.106714375,0.119650684,0.11880379,0.14823033,0.14443374,0.15815604,0.111049585,0.12003568
0.24987248,0.22712985,0.2893437,0.2833113,0.22821543,0.28684998,0.16602471,0.27138698
0.14050637,0.15176879,0.17508979,0.19861987,0.18722242,0.21388648,0.117724866,0.17564012
0.122921735,0.16865046,0.13992442,0.23899429,0.18237026,0.17506817,0.13525277,0.16740488
0.12725124,0.14697431,0.17544867,0.23514342,0.20901223,0.25639322,0.13843465,0.2241178
0.12202862,0.15530194,0.17760955,0.21406569,0.16391663,0.20256686,0.12461442,0.16645509
0.1464392,0.14980306,0.19646224,0.19694173,0.1843524,0.20147447,0.12249752,0.19109903
0.14346348,0.19955927,0.16431294,0.24839444,0.16770293,0.15823284,0.1270872,0.18506232
0.1280545,0.14418973,0.16094421,0.21693717,0.16790864,0.19943394,0.11657677,0.17146026
0.12512243,0.14152426,0.14674145,0.18513863,0.14735517,0.16973867,0.10480169,0.13999015
0.1738859,0.18059327,0.21280578,0.27460396,0.1908436,0.20648165,0.13121809,0.21707077
0.11623128,0.1336544,0.15209566,0.17327294,0.13482109,0.14344606,0.08600451,0.17081131
0.12151637,0.1505307,0.13516901,0.2348804,0.15482701,0.14726947,0.096388206,0.1589554
0.121455505,0.16569404,0.17519549,0.18383642,0.17120299,0.18409854,0.12628637,0.16762193
0.14765969,0.16234674,0.18932645,0.28873363,0.18575625,0.24094813,0.12279353,0.17334786
0.12199254,0.13817906,0.15039013,0.24096313,0.15998748,0.17794938,0.10112715,0.16172066
0.1632892,0.20730366,0.2864157,0.2644351,0.2548623,0.24062485,0.1796389,0.27417415
0.12503198,0.14658898,0.18690579,0.21432668,0.15580438,0.20441167,0.10437542,0.17193222
0.13462596,0.1514713,0.16835095,0.1877945,0.15839773,0.18225886,0.12575772,0.1578443
0.14653906,0.17024408,0.21201383,0.24459282,0.19290847,0.23045157,0.13598974,0.18397571
0.123323314,0.12908232,0.1440861,0.16238424,0.1567829,0.15118906,0.11044034,0.13538818
0.16536415,0.22847068,0.2519334,0.27111992,0.21452138,0.24409166,0.17963234,0.25106734
0.14137764,0.15536298,0.18208557,0.21370928,0.20033687,0.2376124,0.12657823,0.21179259
0.12204366,0.124244146,0.15428928,0.20124483,0.15230504,0.15965106,0.114706255,0.13936552
0.15021695,0.1407025,0.16774724,0.25165674,0.19644485,0.23328958,0.1281177,0.16129954
0.13437192,0.12970874,0.17597568,0.22368008,0.14881612,0.18410438,0.10549485,0.14792241
0.11350159,0.1391595,0.1667749,0.16126283,0.18315019,0.19978309,0.12722303,0.16121443
0.17716755,0.23074417,0.3012673,0.2764971,0.23988555,0.24722254,0.18509227,0.28035218
0.15663563,0.17685428,0.20850343,0.21969675,0.2161073,0.19865328,0.13671085,0.20693977
0.12623444,0.126076,0.15387951,0.1883906,0.15943053,0.16572143,0.10935532,0.15068288
0.11980778,0.13532224,0.17002818,0.2576112,0.17566644,0.17422329,0.107116565,0.1666857
0.14632411,0.23613289,0.21444929,0.2626848,0.17586385,0.23988329,0.12607239,0.19314043
0.10580178,0.14968866,0.17347436,0.2041258,0.17851868,0.17729992,0.16535297,0.16592403
0.16958821,0.18653913,0.198548,0.2667055,0.19819109,0.19979592,0.14017636,0.1994349
0.13738161,0.1844436,0.20352069,0.23527503,0.18712579,0.27201894,0.13891146,0.20618393
0.09448448,0.115311936,0.14569604,0.17400067,0.14356472,0.17889161,0.09389444,0.13833554
0.14430708,0.17618811,0.17425148,0.22368996,0.1639048,0.17364064,0.1268998,0.16270638
0.0996031,0.11773152,0.1316174,0.18277653,0.15346403,0.15258206,0.11436354,0.13665232
0.13446791,0.14856127,0.194002,0.21439238,0.1820969,0.20637366,0.12814403,0.18501405
0.13723506,0.16040997,0.13040994,0.23510133,0.19743744,0.17353505,0.12539506,0.14292166
0.16464792,0.18395066,0.18222341,0.2702823,0.17461216,0.2069181,0.1268043,0.17516305
0.13181667,0.15815222,0.18681641,0.23120669,0.17439489,0.22890006,0.12543721,0.17142157
0.13095482,0.17310335,0.19129469,0.21297617,0.17867936,0.2238616,0.13535003,0.18537626
0.12910253,0.20642096,0.16360652,0.23698343,0.17232752,0.15331307,0.16049194,0.17696302
0.1750756,0.14678702,0.16538592,0.23448442,0.1643157,0.22219083,0.10288416,0.15929432
0.17549276,0.24672201,0.2250346,0.27113986,0.1981944,0.24007645,0.13838978,0.2035723
0.14250885,0.12357516,0.13059641,0.17207815,0.12420049,0.16334604,0.08697362,0.117646135
0.18460532,0.15539758,0.25325212,0.22200102,0.18022858,0.23275587,0.12291737,0.18823415
0.10780631,0.140212,0.17556503,0.19623658,0.15692799,0.18839216,0.11053879,0.1491902
0.15924688,0.16412008,0.1932265,0.21136141,0.1633875,0.17449252,0.123044275,0.1719014
0.16064022,0.20196757,0.2784777,0.26543152,0.26962402,0.2667379,0.18287626,0.2867615
0.11029449,0.16839987,0.16704933,0.21503302,0.1518241,0.1874687,0.10508464,0.14360482
0.12449391,0.1375344,0.16928977,0.18531966,0.17264123,0.226054,0.118156105,0.1720399
0.11043468,0.14996265,0.17965937,0.19685774,0.1732165,0.189705,0.120942086,0.1659368
0.14797783,0.14584506,0.18504883,0.18559638,0.1582196,0.17262165,0.14124112,0.16907166
0.118851274,0.14643162,0.18351401,0.21193495,0.18741332,0.23146695,0.13040979,0.16677794
0.15488292,0.17593983,0.17888312,0.24747959,0.2124405,0.2095619,0.14947702,0.16628194
0.11058564,0.12939566,0.14287595,0.17579812,0.14703922,0.15353824,0.10339875,0.12840717
0.1366966,0.2117602,0.1944893,0.25076848,0.1722191,0.23399383,0.1206445,0.17688519
0.12291412,0.15432045,0.17614911,0.23638432,0.25070217,0.24461307,0.13354658,0.19172996
0.1116193,0.1496116,0.15671626,0.18379903,0.14628781,0.17104533,0.10219119,0.15517536
0.122720264,0.15019768,0.21362779,0.2007505,0.18413512,0.21338159,0.12860134,0.17986713
0.11794065,0.13569985,0.1604542,0.19890496,0.16905062,0.20318334,0.12202894,0.14682451
0.1295006,0.19115672,0.18919402,0.24625833,0.16569506,0.17577137,0.13298813,0.16607958
0.14366035,0.17990433,0.19019134,0.2320909,0.15683514,0.1790118,0.11309125,0.18576175
0.12539464,0.1284466,0.15287618,0.15331952,0.13751084,0.17137907,0.1090784,0.1300791
0.1940553,0.23482513,0.27603802,0.28662243,0.23672608,0.25966266,0.18795316,0.2666764
0.15834376,0.15240857,0.17223193,0.19360253,0.16641997,0.18286489,0.120922856,0.16814162
0.111809425,0.1454387,0.1607366,0.16037264,0.14212734,0.140426,0.15842968,0.15748432
0.0985999,0.12552969,0.13517863,0.15603983,0.1300222,0.13792029,0.09613488,0.12639631
0.16294877,0.18769085,0.239771,0.2637223,0.20869324,0.24928291,0.13677391,0.21455097
0.14041553,0.15944028,0.18533179,0.21989469,0.17570011,0.20091274,0.11813202,0.17197718
0.12988405,0.15827648,0.1600271,0.1855746,0.17044696,0.16365512,0.11545146,0.14325945
0.28162724,0.27384236,0.2914274,0.31621933,0.2418057,0.30580774,0.17108902,0.28121045
0.16407952,0.15806377,0.21667257,0.20868263,0.18149234,0.22953305,0.11778577,0.18740028
0.15484923,0.16992554,0.18707724,0.2215504,0.1933634,0.21636435,0.13614894,0.19327107
0.11439993,0.13531502,0.13468032,0.1962355,0.13775823,0.18157917,0.10970214,0.12237708
0.17180653,0.236947,0.29254538,0.2901395,0.2682213,0.2401529,0.19831723,0.3019969
0.14622343,0.1962196,0.17450945,0.26014343,0.18521786,0.24043256,0.12200422,0.18063512
0.12682928,0.16407216,0.16906494,0.21174265,0.18128324,0.21621522,0.11738761,0.18802977
0.20531307,0.19154848,0.18630539,0.25520965,0.18042266,0.22224014,0.12395442,0.18681152
0.12044614,0.13321318,0.16247076,0.24732998,0.21288471,0.23286764,0.11362262,0.16425481
0.12062078,0.14740089,0.15260626,0.19346608,0.1523006,0.18173462,0.108203396,0.16092694
0.13089323,0.15663576,0.1882741,0.23342203,0.18064427,0.21191832,0.1124979,0.172851
0.12823118,0.17020951,0.16247563,0.19468585,0.1558683,0.16283017,0.12104262,0.17280573
0.17171818,0.22945148,0.20818843,0.259905,0.18751706,0.24423063,0.12834524,0.19212824
0.14167084,0.17804942,0.17905024,0.20261702,0.1866478,0.19624905,0.14255679,0.17625763
0.13326445,0.16096081,0.19466622,0.213348,0.19235338,0.22369935,0.13539724,0.19944365
0.13192217,0.13305701,0.15984476,0.19979014,0.16399194,0.17354082,0.11772315,0.14154735
0.15287696,0.21980308,0.23360227,0.2679702,0.19132419,0.23746802,0.14299242,0.19655205
0.11605511,0.14850676,0.14963752,0.17946342,0.13833766,0.16894154,0.124889426,0.15371339
0.11906623,0.14147726,0.18405457,0.18639854,0.13998382,0.17653336,0.111555904,0.15417777
0.1164195,0.15847194,0.16856314,0.19174862,0.15076628,0.15986978,0.13384925,0.16465712
0.24628304,0.22021158,0.19915818,0.2765324,0.22459449,0.26621264,0.12831149,0.20881274
0.13344507,0.15440793,0.19081283,0.18874414,0.15126762,0.17154354,0.13792154,0.1772889
0.20246609,0.14558941,0.21247615,0.21223144,0.17794503,0.23228158,0.11243975,0.2014005
0.15346794,0.21050148,0.2744341,0.26048326,0.24829112,0.23196417,0.17260844,0.28778493
0.14539935,0.18717858,0.19240431,0.26367757,0.17111927,0.21727869,0.11056704,0.19904965
0.18141954,0.2436135,0.28753075,0.27909178,0.22621745,0.24438986,0.18919413,0.27298132
0.11895835,0.1306921,0.20836131,0.19051282,0.15801166,0.20414384,0.10787115,0.15800226
0.22756234,0.18203981,0.22305118,0.2446297,0.20344402,0.24847357,0.1305717,0.22445312
0.11487958,0.15271349,0.17740227,0.1990921,0.16814806,0.19275787,0.11975231,0.15573685
0.1330227,0.14705998,0.19466871,0.20719251,0.14581239,0.184436,0.103443176,0.1530443
0.13102713,0.14334884,0.19535567,0.23542671,0.21941711,0.26606667,0.1364146,0.1777659
0.159544,0.1839634,0.20283788,0.25713804,0.2009902,0.22649588,0.1381635,0.18745972
0.1250039,0.16033134,0.18476205,0.2302171,0.18530083,0.2199379,0.11893007,0.16080683
0.10373177,0.115769826,0.13379672,0.14203227,0.14337766,0.13115454,0.10631129,0.12649317
0.12993221,0.12036036,0.123060584,0.14064121,0.11467771,0.120849766,0.08527715,0.12926634
0.13698864,0.1456792,0.18712877,0.19474311,0.1731758,0.19514789,0.11792735,0.1625941
0.15247415,0.18877837,0.22800083,0.26264542,0.17872779,0.21738935,0.13142972,0.179213
0.14237843,0.17924504,0.15532874,0.2474723,0.17322971,0.17670843,0.12191119,0.16694078
0.12101968,0.14778146,0.21033408,0.19078815,0.16260648,0.19685863,0.14213373,0.18762983
0.13530764,0.22422759,0.22397186,0.2612041,0.1745958,0.23502952,0.13024849,0.17589724
0.1329648,0.14046614,0.14965264,0.18258737,0.13913009,0.16928206,0.10906654,0.13979292
0.14004754,0.18113601,0.1456463,0.27868962,0.18373996,0.1751909,0.14308672,0.16425143
0.12691441,0.13689868,0.19163887,0.21485779,0.16155083,0.18843183,0.107601926,0.14219119
0.23229404,0.16546868,0.21078151,0.1946446,0.18076661,0.2229213,0.11399627,0.19626619
0.1322161,0.15491484,0.17131221,0.21855375,0.20911525,0.22213429,0.13330884,0.1906068
0.17232493,0.18341543,0.19520937,0.2667687,0.20116399,0.23091367,0.1442583,0.19067991
0.17276432,0.17866878,0.27195415,0.25392303,0.23044433,0.25387833,0.17766018,0.2512997
0.12111888,0.1881515,0.21519122,0.23643082,0.16830906,0.19591548,0.1297897,0.17058134
0.15614602,0.17606872,0.19775805,0.22997013,0.19688034,0.22416167,0.13605577,0.19264653
0.121194534,0.107729994,0.12924464,0.15213601,0.122875705,0.13877061,0.10516776,0.11637446
0.11815103,0.14801534,0.14128761,0.20303476,0.16047591,0.17646481,0.10244839,0.14429826
0.09691038,0.12476543,0.16287465,0.16221367,0.12934206,0.16018166,0.09671379,0.1517833
0.14984174,0.16977336,0.18546902,0.25302014,0.18657887,0.20028956,0.13010147,0.1905002
0.13568717,0.17465022,0.1721197,0.21106629,0.16102819,0.19206068,0.10769214,0.18561871
0.14657757,0.15280358,0.18776506,0.2316681,0.16022585,0.19347462,0.10310858,0.16567463
0.1338284,0.15477405,0.2172468,0.21393698,0.17176346,0.21737333,0.11887627,0.17910817
0.13723852,0.18878023,0.1774236,0.21452288,0.15867707,0.16893558,0.12105699,0.18442978
0.18291764,0.15810813,0.20653087,0.1955402,0.17438182,0.21073064,0.12648197,0.17635342
0.11580384,0.14103357,0.15610053,0.16433203,0.15364508,0.1739836,0.10938747,0.14359769
0.11740589,0.13871929,0.1565717,0.2512691,0.18336193,0.22081192,0.114756234,0.1523895
0.15935452,0.17360444,0.19697589,0.25512737,0.18343008,0.20966059,0.1338112,0.18524106
0.16411522,0.15769075,0.20254266,0.22194402,0.20614493,0.26398355,0.14451073,0.20726778
0.18702422,0.1606938,0.20334281,0.22907405,0.18522973,0.2201973,0.124487825,0.16824086
0.089215085,0.11711937,0.09833563,0.1761849,0.12800887,0.12206022,0.07887601,0.09031333
0.14769751,0.17704473,0.19860068,0.32573226,0.19321556,0.21556278,0.1257172,0.18699932
0.116673544,0.1469385,0.15196185,0.21464744,0.16689116,0.18199351,0.11379643,0.15632574
0.11589493,0.12769747,0.13129029,0.14746705,0.1562045,0.1509449,0.10325842,0.13450296
0.15341747,0.14315617,0.1762371,0.19577064,0.17581965,0.2113372,0.11767668,0.16542806
0.10591864,0.14936641,0.15476006,0.20096876,0.13840996,0.17929128,0.099685736,0.15337063
0.12501308,0.16616537,0.16357698,0.217577,0.1513543,0.18638605,0.11151832,0.16407885
0.119606845,0.14837605,0.20999715,0.21062271,0.1625725,0.19990215,0.11249734,0.1733582
0.1774151,0.14185022,0.20622556,0.22544557,0.20120277,0.25075144,0.1311753,0.20710585
0.11609388,0.13968262,0.16485648,0.21100451,0.17597502,0.2211492,0.1162772,0.13749027
0.16047435,0.17810653,0.25564173,0.23847768,0.19657302,0.21642247,0.144291,0.19857155
0.114885084,0.15945806,0.1719891,0.1993125,0.15989746,0.19776028,0.12550226,0.17089096
0.16091344,0.15250394,0.18101855,0.18389842,0.15896066,0.20006284,0.12853728,0.15612054
0.17053497,0.18423223,0.22739226,0.26554894,0.23257737,0.2665542,0.16255894,0.2221288
0.11561544,0.13441879,0.12463206,0.21598217,0.16593105,0.155339,0.11854911,0.134226
0.10414462,0.13445541,0.1347783,0.15458094,0.1456707,0.1462879,0.12994567,0.12424324
0.13526893,0.15135291,0.18038684,0.20073383,0.18858977,0.20785694,0.13031545,0.1663832
0.16957514,0.17383623,0.23487438,0.25434643,0.2023756,0.25219768,0.13873225,0.2048786
0.13497795,0.15719889,0.21236654,0.24797973,0.16849385,0.21284027,0.1229033,0.18632978
0.12407337,0.13783778,0.16356836,0.19777487,0.19009088,0.21283671,0.121857144,0.18962988
0.11842388,0.13995366,0.15593205,0.20621105,0.15791251,0.20976898,0.11393703,0.14937636
0.11871319,0.1321738,0.16977255,0.15123317,0.15963653,0.15187703,0.10848931,0.14254005
0.16108562,0.1859595,0.19254972,0.22742899,0.17067166,0.21056099,0.13123254,0.19599694
0.24404685,0.21753417,0.2564946,0.27349153,0.20838556,0.27387685,0.14983341,0.21650891
0.12267411,0.13625619,0.13635536,0.17295074,0.13468918,0.15653022,0.11697593,0.13232031
0.13086006,0.17243023,0.19662839,0.20863111,0.16181044,0.17416511,0.12864265,0.16547973
0.20587362,0.16854611,0.19310564,0.2130824,0.18740219,0.21131559,0.11997438,0.18283635
0.2140655,0.17455965,0.23104821,0.23631494,0.20070562,0.26331684,0.13295576,0.2099334
0.14827068,0.17099431,0.2468073,0.24788886,0.26380667,0.27341405,0.19025576,0.26009884
0.13842963,0.14666183,0.17136593,0.18881372,0.18293528,0.17763278,0.12359603,0.16309544
0.13603237,0.22445239,0.19296947,0.23880896,0.17468621,0.19477455,0.13738118,0.18573506
0.15880485,0.17732176,0.21971649,0.23585354,0.2087215,0.22594194,0.16867454,0.19994305
0.12916362,0.15084267,0.19936836,0.21129455,0.15640666,0.17612942,0.14340624,0.170057
0.11593813,0.1145392,0.12703843,0.15736286,0.14415638,0.13969515,0.11065457,0.12586723
0.14546679,0.16928875,0.19208686,0.25435737,0.22616568,0.2697642,0.15070754,0.24448477
0.11767655,0.1252572,0.13925228,0.16897371,0.122065164,0.14797984,0.09391253,0.11726065
0.12125971,0.16941185,0.1721263,0.2464317,0.21234961,0.22524059,0.13186544,0.15911825
0.1623529,0.16031168,0.18863335,0.20846042,0.17552789,0.20390292,0.13632786,0.18665689
0.11484567,0.16307595,0.15508737,0.17998041,0.16122879,0.15404667,0.20474352,0.16740194
0.15218212,0.1503349,0.18782201,0.1980533,0.1751839,0.21376154,0.11508159,0.17947485
0.13937035,0.16376808,0.17375827,0.23566876,0.19390598,0.22542052,0.13395584,0.17319047
0.13259748,0.13531125,0.17416799,0.1869314,0.13954483,0.16023624,0.107860886,0.14603606
0.11656972,0.12946892,0.17135005,0.19845037,0.14502382,0.22320502,0.09896125,0.14529309
0.14048666,0.18380593,0.15791938,0.19360872,0.17499557,0.16189833,0.15962334,0.157129
0.18799622,0.1581894,0.24291557,0.27386713,0.26831073,0.3098915,0.16086484,0.2601485
0.15182629,0.15285239,0.22204779,0.20983018,0.1656289,0.2078288,0.12794897,0.18487844
0.124005094,0.14691032,0.16699816,0.19699624,0.159915,0.16037689,0.106098846,0.14775445
0.14230542,0.13197501,0.15119876,0.19711384,0.16467471,0.15536009,0.10150563,0.16522984
0.10276911,0.13561395,0.1456966,0.16418119,0.11384343,0.13195358,0.09575865,0.120985605
0.12654229,0.16691089,0.1532661,0.26340118,0.1700826,0.16894367,0.103761576,0.17018591
0.1260911,0.14694382,0.14568405,0.1766445,0.15489377,0.18075638,0.1480871,0.15683503
0.14171028,0.1611122,0.19845405,0.19877684,0.20968342,0.18456233,0.14429429,0.17963777
0.15130788,0.1546734,0.19960478,0.2355483,0.16208805,0.19202992,0.11138825,0.19625586
0.15983842,0.22674578,0.28404686,0.27130887,0.246106,0.24485268,0.17488505,0.29427207
0.15021773,0.1313272,0.16441645,0.19246197,0.14951146,0.17391266,0.11835066,0.13560241
0.26176056,0.21998578,0.18425778,0.2571084,0.22666752,0.24854216,0.12130321,0.19189645
0.10579936,0.15067121,0.16582063,0.17220818,0.14646855,0.19683325,0.10267531,0.15740666
0.1895193,0.16675255,0.24039719,0.30038548,0.26338777,0.34046814,0.1579765,0.262104
0.12544246,0.1694669,0.15724042,0.22770076,0.16061924,0.19923736,0.119165465,0.16439092
0.14019768,0.18292809,0.2177696,0.22718082,0.17350748,0.22626932,0.112710156,0.18971002
0.10147763,0.13627298,0.1455884,0.15708946,0.13368706,0.14181721,0.1534973,0.15787971
0.16477071,0.16916414,0.20101961,0.27194536,0.18592347,0.22647123,0.12434259,0.17253079
0.13480861,0.15062544,0.17414552,0.20623636,0.18410318,0.22141387,0.1327283,0.17793113
0.12505694,0.14606951,0.16057117,0.20590176,0.16468649,0.16080126,0.10668522,0.1440774
0.14447166,0.17746635,0.17883909,0.20742638,0.16448486,0.19760023,0.111005135,0.16147998
0.17906389,0.18385217,0.21759123,0.26906916,0.20033582,0.24441881,0.14588888,0.19444907
0.13066699,0.2051869,0.22919644,0.2523772,0.16827828,0.22661595,0.12976377,0.17665032
0.13024196,0.14301102,0.17170645,0.20575212,0.15939474,0.17876774,0.10298583,0.15760303
0.18240207,0.15757136,0.27077773,0.2267545,0.1640581,0.22026658,0.11959362,0.18539219
0.16654441,0.15326813,0.18883799,0.20625488,0.17358503,0.21200916,0.114459924,0.20429534
0.12387678,0.12519366,0.19379607,0.20252274,0.14217693,0.17477109,0.113882355,0.14348936
0.18919683,0.17311354,0.27501526,0.29234165,0.29927495,0.37383065,0.16417962,0.28300026
0.12015278,0.12526326,0.14157237,0.180721,0.13487843,0.1826912,0.101998284,0.13503225
0.16987658,0.22482331,0.3019664,0.2833452,0.26796672,0.26038435,0.18578674,0.3101356
0.15773773,0.15551865,0.16767162,0.20721479,0.17029068,0.17421421,0.11878629,0.18032056
0.13361126,0.14251877,0.20301488,0.20203139,0.1492409,0.16975461,0.10280486,0.16449717
0.14412232,0.1537781,0.17007972,0.1834873,0.16252314,0.18840799,0.11840987,0.15162455
0.17928936,0.19894361,0.30670106,0.2879147,0.29847226,0.3203711,0.18184362,0.3097639
0.15381663,0.14027546,0.17489299,0.20985276,0.15677525,0.16515389,0.105193794,0.1821829
0.13295038,0.16891067,0.17843248,0.24922477,0.16250429,0.21296027,0.11395061,0.18339878
0.14537342,0.14062704,0.18291336,0.24125068,0.20287263,0.262199,0.13476746,0.18614824
0.13610895,0.16072153,0.23518388,0.22774094,0.18620867,0.20354138,0.12456546,0.17688753
0.11489361,0.1448726,0.15705332,0.18979502,0.14911471,0.19860238,0.1214798,0.15820794
0.1599148,0.16781603,0.20797382,0.21724512,0.19830486,0.22987504,0.1330458,0.1850209
0.10510399,0.10981793,0.12906507,0.17497958,0.15492222,0.15797679,0.0932814,0.1455788
0.12847805,0.1501697,0.19290574,0.20990995,0.15942556,0.18038215,0.113810726,0.1540668
0.13395731,0.13368323,0.19436915,0.19023892,0.16807735,0.20736906,0.1155363,0.16075072
0.12747343,0.17284572,0.18954614,0.17147745,0.1943871,0.18960537,0.12138601,0.18682647
0.13528328,0.17476629,0.1917718,0.21863127,0.18050857,0.16900092,0.14492914,0.19650516
0.1581557,0.14741369,0.19899261,0.25174466,0.18514477,0.24175566,0.11235863,0.15841758
0.15174639,0.22049212,0.22786222,0.26639852,0.18395254,0.23475742,0.13640721,0.19011776
0.1433073,0.14313713,0.16000077,0.18330024,0.16858111,0.19868061,0.106246576,0.15114637
0.1429778,0.14685614,0.15802045,0.19487074,0.17464682,0.17004834,0.128946,0.17526646
0.14114799,0.15400022,0.17982295,0.21183023,0.18048082,0.2030579,0.12402783,0.17495966
0.15478845,0.18015988,0.19197764,0.22115944,0.17661966,0.21758872,0.14195523,0.20148824
0.096263334,0.13672163,0.14133789,0.15344265,0.1438464,0.17307946,0.10090856,0.12705903
0.17058223,0.17362377,0.22081946,0.2294097,0.1993878,0.2278963,0.1304852,0.20413728
0.117278814,0.16195865,0.14273325,0.21033949,0.17954823,0.16083646,0.13007478,0.15449382
0.15274528,0.1568778,0.18246,0.2577339,0.17278902,0.22402959,0.12225871,0.1777165
0.12746944,0.16227843,0.18708791,0.23526232,0.17470618,0.22363342,0.13740188,0.17750607
0.16280365,0.16583048,0.21809518,0.2395939,0.18978564,0.21801353,0.14067452,0.21294571
0.12608778,0.13867506,0.12858972,0.21948494,0.19133022,0.15818991,0.1254963,0.12836385
0.11728323,0.13949089,0.14629811,0.15069121,0.15518443,0.16174375,0.11423463,0.14138271
0.09614634,0.123185076,0.14304507,0.15253398,0.14056142,0.16523632,0.09607867,0.12418741
0.11509095,0.17012157,0.16367875,0.20080972,0.1860177,0.20136629,0.11814616,0.16745959
0.15344067,0.15128405,0.21397611,0.22040081,0.20950085,0.22091033,0.1170775,0.1979844
0.16795301,0.18082803,0.21522675,0.2178454,0.21232937,0.20687605,0.14723413,0.22428341
0.0957707,0.116134465,0.12658127,0.15014578,0.12215376,0.15610574,0.10006177,0.13933654
0.15983167,0.16663466,0.20159717,0.25557792,0.1971634,0.22104663,0.14569996,0.18436235
0.15645824,0.24449727,0.22366726,0.27754164,0.19036277,0.2245175,0.14393905,0.19455184
0.16350643,0.16755675,0.21430297,0.22442569,0.20734361,0.24738361,0.14328423,0.21354271
0.118115425,0.12973718,0.16372786,0.23110719,0.19295445,0.24989349,0.13412793,0.19667791
0.120857134,0.17829788,0.1809863,0.22121727,0.16374035,0.20379463,0.11414843,0.15597627
0.15629232,0.17194311,0.16886358,0.21367803,0.20342757,0.1888665,0.128015,0.15550455
0.1287353,0.14289041,0.16481651,0.19415195,0.15353881,0.23032787,0.10643594,0.17289811
0.14585987,0.17217547,0.21026947,0.22649342,0.1670098,0.16738783,0.13037458,0.18527284
0.12183663,0.1100495,0.12219845,0.16318546,0.11488128,0.13420227,0.067858584,0.115919024
0.16375177,0.20473963,0.23579772,0.25400713,0.20547688,0.23641126,0.1400343,0.20874904
0.1644461,0.1926889,0.18605398,0.21806465,0.17859052,0.22328717,0.121613465,0.18677607
0.102483764,0.12532222,0.13907439,0.1566071,0.13563125,0.14443333,0.104808666,0.121541746
0.15191835,0.1563177,0.18461913,0.26804906,0.18559489,0.2592874,0.12015127,0.1735009
0.095123194,0.12758863,0.121065855,0.17676507,0.11908892,0.12548293,0.105633184,0.12444857
0.1692683,0.16514099,0.20585606,0.20359917,0.15967867,0.19551392,0.12423265,0.17581174
0.11689325,0.16829506,0.15955497,0.20325343,0.16102582,0.19504493,0.12020743,0.17779253
0.14792496,0.17874035,0.21851781,0.22382182,0.18881048,0.19665419,0.13394985,0.23255058
0.21239978,0.17316161,0.19415629,0.29928082,0.20194788,0.26739195,0.120051876,0.190258
0.13121352,0.15688565,0.17663634,0.19337487,0.18887326,0.20574504,0.12763883,0.17543148
0.13890298,0.16394708,0.19696425,0.22563852,0.17316043,0.22859532,0.12602776,0.18447322
0.15362136,0.17824532,0.20463946,0.24381568,0.18137151,0.1671955,0.13094328,0.17597473
0.10223834,0.13416931,0.13399635,0.15985216,0.12601836,0.15630743,0.09592397,0.12532777
0.15773179,0.19691803,0.19733869,0.25047934,0.21919553,0.23080583,0.14382939,0.21628025
0.1330476,0.1538805,0.17833209,0.23155351,0.17543422,0.21511087,0.12058641,0.16318664
0.14995502,0.19272412,0.19715211,0.27304423,0.18688132,0.22640656,0.11915475,0.19582304
0.09187131,0.111346625,0.107638106,0.13236879,0.116505675,0.12806177,0.09727179,0.101224385
0.12753037,0.1501708,0.19311953,0.24652123,0.16393954,0.20605496,0.10749057,0.20153745
0.16160308,0.16928187,0.27252528,0.25167713,0.25329736,0.23237658,0.17152946,0.26793072
0.16296674,0.16480786,0.19252156,0.27917597,0.19285035,0.2671203,0.14173865,0.16965339
0.141214,0.17564988,0.19275127,0.28503168,0.19434406,0.22259259,0.14726156,0.19429947
0.14679688,0.16089016,0.18414627,0.19761147,0.16865362,0.19908354,0.10853093,0.18521273
0.14565216,0.15069912,0.18792976,0.2146438,0.18329243,0.2220565,0.1245998,0.16457891
0.22372355,0.16321254,0.20372048,0.2125846,0.20720784,0.22552109,0.1309613,0.20829894
0.21928464,0.2522725,0.22488804,0.31915888,0.2245043,0.2787883,0.15059434,0.22278959
0.13163221,0.1427072,0.14945775,0.17612985,0.1609253,0.16635177,0.111718,0.14677957
0.11870877,0.14009333,0.16775711,0.17095931,0.16742843,0.19536473,0.115214825,0.1514045
0.14572093,0.22124082,0.19909175,0.25150892,0.17728838,0.18339893,0.114730924,0.19079855
0.1003009,0.11691078,0.1313323,0.17546332,0.13281478,0.1760355,0.09307745,0.12623267
0.120199665,0.14347818,0.16464755,0.19926924,0.18370965,0.1832098,0.12127117,0.16550496
0.14203665,0.1493268,0.19713485,0.21950884,0.15981899,0.18418139,0.123967014,0.17771855
0.10606999,0.119686775,0.13486141,0.17040405,0.14026222,0.19026545,0.1135063,0.122775055
0.16220699,0.155492,0.20643559,0.2357711,0.1601588,0.1863163,0.13144125,0.15781303
0.1277044,0.15673953,0.17533112,0.27393624,0.18876995,0.21695696,0.13073999,0.16704504
0.13534373,0.18711613,0.19895703,0.2266748,0.23722976,0.26704058,0.15577132,0.22061056
0.15891628,0.23283328,0.23890707,0.25352558,0.17686452,0.22803664,0.13192728,0.1937289
0.26520342,0.2821518,0.30434662,0.31435087,0.244307,0.29683885,0.18038966,0.29286683
0.12559244,0.13566695,0.13186131,0.17445923,0.14812116,0.14128394,0.11715918,0.14167513
0.14777896,0.15125419,0.20949079,0.22882836,0.16408648,0.17669392,0.12437933,0.16791512
0.14092456,0.1634368,0.19177212,0.25834927,0.19243534,0.23128046,0.12672736,0.17277655
0.1654052,0.15914959,0.1977574,0.19840917,0.16765118,0.20801331,0.12594363,0.1837493
0.14475632,0.1711611,0.20658572,0.23958516,0.19608673,0.22375447,0.13991721,0.16800854
0.14709307,0.15756585,0.17887883,0.21236336,0.17569402,0.19876808,0.123121426,0.15190151
0.1390888,0.14879853,0.21066275,0.22654901,0.15145448,0.19487917,0.10361458,0.18054566
0.123589665,0.14288099,0.1609303,0.20685267,0.16015607,0.19426768,0.11715019,0.15370494
0.14877525,0.18260808,0.22582921,0.26794213,0.16869782,0.20189995,0.13681613,0.19554119
0.15993243,0.17537186,0.2206013,0.22823653,0.16915964,0.1676435,0.14533444,0.21222523
0.12371266,0.13666914,0.20782383,0.2075186,0.15220906,0.18470332,0.108752765,0.16955188
0.14256002,0.1501459,0.16833241,0.2139063,0.21417685,0.21059689,0.12949242,0.17444828
0.17540015,0.20162115,0.2899853,0.2649941,0.24243568,0.24828404,0.1801165,0.2688794
0.15609775,0.15892181,0.17083366,0.21711838,0.17048253,0.2002711,0.1251079,0.15753806
0.10940555,0.14613214,0.12548178,0.20641251,0.16446233,0.12675002,0.12460432,0.12446183
0.16334145,0.16878203,0.20261358,0.23788187,0.18376423,0.23823072,0.13549171,0.18396041
0.15048525,0.1919863,0.24544767,0.2616473,0.2310601,0.25716096,0.1686116,0.25752065
0.18500665,0.20633394,0.23147649,0.27938673,0.20535934,0.27521458,0.13803187,0.21711828
0.193897,0.18602087,0.20272972,0.23398241,0.2101591,0.2262478,0.14790593,0.19296233
0.1901171,0.24096467,0.21341409,0.29990909,0.22645345,0.27629536,0.15752342,0.22594604
0.1264899,0.13974647,0.18413967,0.21265787,0.16242962,0.1984833,0.109500535,0.15302493
0.18071125,0.15536995,0.19448917,0.21436784,0.17361403,0.20611541,0.12819909,0.17096943
0.22554784,0.24413043,0.22049187,0.31228796,0.22794448,0.2848638,0.1499156,0.22143881
0.10357437,0.1370262,0.16616973,0.17865208,0.13948646,0.18104352,0.09656472,0.14777555
0.17820813,0.18237768,0.17625521,0.22634913,0.17523876,0.1980766,0.115774214,0.17797813
0.16108693,0.15058655,0.17669505,0.20719431,0.176763,0.20061043,0.10856688,0.19541328
0.123440094,0.12282879,0.15326677,0.2516538,0.17577663,0.21643248,0.12096069,0.1290922
0.12654579,0.13866359,0.18975405,0.18675224,0.1576646,0.19161546,0.123761386,0.16746902
0.17296438,0.18362235,0.22198538,0.28501743,0.19455421,0.24734531,0.14021602,0.20179556
0.12696779,0.1446036,0.17206028,0.22281975,0.19127424,0.20264137,0.11826077,0.18386556
0.11189921,0.14362487,0.15359312,0.1895196,0.13989395,0.15623629,0.09327833,0.15072486
0.12683427,0.15522593,0.2254373,0.20651382,0.16965492,0.21215524,0.12235718,0.17452939
0.14367533,0.14373936,0.17711699,0.20820539,0.14707014,0.20963521,0.10770313,0.15139672
0.1370892,0.1647106,0.2072215,0.20754182,0.20297463,0.23272617,0.15918697,0.20447865
0.11267066,0.14363395,0.18646541,0.2019057,0.17708936,0.21868606,0.11594551,0.15022708
0.24871981,0.1774869,0.19820298,0.2162509,0.19908719,0.23717636,0.12444019,0.18112485
0.18395096,0.1889727,0.29885307,0.29794514,0.29409692,0.36737472,0.17541693,0.3136418
0.17777075,0.18647802,0.20162554,0.24172506,0.19201125,0.20592856,0.13511398,0.19053514
0.098570384,0.12574477,0.14459273,0.16658449,0.16152178,0.17553084,0.1040466,0.12881179
0.18551438,0.15882613,0.21116897,0.19674855,0.16745068,0.19719861,0.12720022,0.19841108
0.15627325,0.18160968,0.19104409,0.2304609,0.1708617,0.24631163,0.14449033,0.17967679
0.18022415,0.14549775,0.21659963,0.2027799,0.16995339,0.20569015,0.11174083,0.2033421
0.141401,0.16210885,0.16977333,0.19460115,0.17419605,0.18889578,0.1177975,0.169775
0.2635512,0.28324005,0.32412905,0.3067794,0.24742965,0.30016842,0.18423451,0.31109723
0.15084101,0.16519867,0.17373188,0.21309975,0.16241123,0.20420393,0.12482075,0.16029347
0.14377274,0.13667713,0.18032008,0.20182155,0.14117864,0.17807175,0.12016298,0.16145857
0.14750239,0.1569892,0.19511637,0.21404761,0.18243144,0.20165163,0.13418083,0.18968728
0.12009897,0.16117334,0.17661056,0.19602485,0.16332355,0.17545465,0.1242579,0.17455353
0.101280764,0.124052964,0.12505956,0.17117706,0.11495867,0.1413181,0.08176543,0.14426367
0.1568456,0.22014691,0.24433878,0.26705638,0.22565907,0.2266992,0.17122321,0.26872712
0.14973539,0.20068748,0.19086765,0.22968917,0.1886711,0.18337066,0.14360869,0.20544824
0.13005725,0.15326211,0.182108,0.19268367,0.15093292,0.19636554,0.11319072,0.16174522
0.13531502,0.14632691,0.19145006,0.19729398,0.17032747,0.20486487,0.11825603,0.17764853
0.17045659,0.19762357,0.20289885,0.254753,0.21547581,0.2541654,0.15216425,0.22663762
0.20585541,0.21289349,0.19397186,0.2674202,0.18415387,0.19993384,0.13076867,0.19835693
0.1950894,0.22750051,0.3070652,0.2694491,0.2355865,0.24974254,0.18304019,0.2726328
0.12869173,0.18933582,0.20008507,0.22786525,0.2165705,0.23321247,0.1369033,0.19613977
0.12911709,0.12987322,0.15663148,0.17558616,0.16238934,0.16582522,0.102817856,0.1505631
0.14518583,0.15976596,0.20294288,0.2300993,0.16459903,0.20033048,0.11090649,0.18155096
0.16281973,0.17642573,0.26500508,0.28685167,0.27002427,0.33292973,0.16280544,0.28153378
0.19351777,0.18808909,0.3078162,0.3119307,0.31220266,0.35004365,0.18618046,0.32534832
0.12378913,0.14109634,0.16640528,0.20273538,0.19345793,0.2179152,0.113058366,0.16928385
0.17131855,0.23153837,0.29048315,0.27927107,0.25935772,0.2601842,0.17697844,0.30739865
0.15790954,0.22332042,0.21727298,0.2807533,0.18966794,0.22994383,0.14763176,0.19491017
0.10351505,0.12394681,0.13384576,0.16821659,0.13646705,0.2066066,0.106582634,0.13120066
0.20629165,0.17853837,0.17209476,0.2374852,0.15982543,0.19565791,0.109244905,0.180576
0.1681908,0.19457562,0.21006994,0.23122446,0.19928898,0.21045975,0.13461168,0.19998159
0.13286972,0.1571698,0.1743761,0.18592358,0.16315779,0.17638667,0.12705354,0.16584961
0.13608514,0.16790052,0.15455006,0.20538749,0.17742607,0.18665676,0.11426461,0.15770453
0.11796098,0.14508325,0.1470639,0.18363634,0.15903823,0.18418849,0.11531823,0.14421444
0.1629416,0.20425849,0.18542673,0.2454101,0.1906612,0.22833589,0.12323981,0.21288492
0.1443695,0.15849149,0.18020304,0.22964211,0.19435826,0.2197422,0.13196072,0.17440625
0.1682606,0.18444303,0.27008906,0.25341344,0.23542523,0.23091179,0.17152761,0.24007471
0.13333927,0.1864558,0.17121305,0.28937173,0.17376043,0.20261523,0.111824535,0.19116768
0.2174746,0.24600036,0.31964582,0.28248173,0.24027592,0.25973862,0.18505883,0.2835088
0.11433059,0.14702581,0.1940551,0.19803087,0.18338437,0.21834776,0.11548615,0.15076649
0.105936065,0.15169962,0.17061627,0.18007979,0.16294223,0.1702153,0.0991559,0.13809247
0.13461871,0.19231354,0.17054085,0.20923889,0.16621703,0.18250263,0.11624865,0.17605397
0.12867194,0.17913178,0.1563085,0.22709641,0.1667948,0.19768906,0.1139548,0.16151908
0.11236921,0.16968544,0.15551864,0.16851929,0.1568756,0.1659462,0.11573378,0.15011995
0.12842555,0.16878188,0.16770698,0.19239184,0.14583151,0.15322493,0.13846923,0.17320941
0.13532199,0.15064216,0.18368088,0.20659149,0.15269949,0.19188829,0.112719,0.1706555
0.12753989,0.142899,0.17588133,0.1899332,0.16450475,0.17487818,0.11532002,0.17066899
0.12267788,0.12823159,0.17048354,0.18885575,0.16507746,0.19611055,0.12437206,0.15764526
0.093396164,0.123920836,0.1241032,0.15645976,0.13727175,0.14656977,0.15852289,0.12641343
0.123003386,0.15332305,0.15496467,0.19144902,0.1470621,0.16766451,0.11197327,0.13164774
0.11794316,0.1335377,0.19784765,0.2033881,0.15266156,0.18925777,0.11086681,0.15704435
0.112621084,0.14643972,0.18363832,0.18770048,0.16676296,0.1964296,0.10963279,0.1541285
0.14786957,0.16162108,0.18948674,0.20539166,0.17861435,0.24324884,0.13500445,0.18021046
0.123913266,0.16150215,0.13549754,0.22483784,0.16146363,0.1596046,0.13299055,0.14493316
0.11974632,0.13148221,0.1643596,0.15704131,0.154656,0.16000164,0.102674305,0.14378317
0.15023762,0.14020814,0.18639633,0.23830265,0.22740692,0.24079284,0.14608045,0.21386333
0.14801016,0.187689,0.17705466,0.22949933,0.19193129,0.17880611,0.18491055,0.18505913
0.20023043,0.1854085,0.21256778,0.2467304,0.201583,0.22487855,0.15657306,0.19232188
0.13365829,0.14528766,0.15159823,0.19505616,0.16928677,0.19633198,0.112783,0.14344813
0.1478498,0.15344259,0.18829761,0.22474438,0.17314045,0.21529144,0.118955255,0.16501975
0.13937461,0.1659292,0.16533658,0.20311971,0.18087566,0.20489971,0.12594236,0.16822101
0.1324835,0.14874767,0.16099192,0.19306286,0.13223,0.16460657,0.09486923,0.15004975
0.1384009,0.16362332,0.20184994,0.18587445,0.16687286,0.16949017,0.10310666,0.1621793
0.1431946,0.22081068,0.19446793,0.26903167,0.18581781,0.2178207,0.13526435,0.19960824
0.12214004,0.13550977,0.2018772,0.20126419,0.1582156,0.18329845,0.10959108,0.15527567
0.13983425,0.14282641,0.20461166,0.20256546,0.16850221,0.21050744,0.11028142,0.16519764
0.14902869,0.1653525,0.17785537,0.23515557,0.19778971,0.21145725,0.14772606,0.17845814
0.21882294,0.2982524,0.28379408,0.30643493,0.25197408,0.28930378,0.18622175,0.2923908
0.112013884,0.14727846,0.18210544,0.22581781,0.16025296,0.2184344,0.1292318,0.18583946
0.11639575,0.14536968,0.17319557,0.18291289,0.13816857,0.187359,0.10451695,0.15395594
0.20143236,0.17100048,0.22891222,0.2167015,0.19168486,0.22522408,0.123278804,0.18912962
0.13547345,0.15399352,0.21858588,0.19067937,0.18392089,0.2116862,0.12591346,0.21013345
0.12593508,0.19746299,0.23904131,0.25594532,0.16196842,0.18899475,0.11955168,0.17358662
0.16238795,0.19508097,0.25994542,0.26319063,0.22924915,0.24907549,0.16713503,0.2539063
0.1648295,0.17676495,0.24185391,0.25416258,0.17233077,0.20560564,0.13000472,0.18817066
0.13960613,0.13958277,0.20359859,0.21618192,0.19250908,0.24064803,0.120306686,0.16246098
0.15555015,0.16697189,0.20175588,0.24539234,0.22504857,0.25286743,0.14388289,0.19543882
0.11240836,0.14236441,0.17810676,0.224036,0.18254064,0.22591066,0.12928344,0.16764882
0.13544443,0.15739012,0.15139146,0.19203618,0.1425223,0.17537276,0.10783302,0.14950727
0.15038975,0.1546562,0.20038643,0.22216587,0.15407766,0.19170119,0.109026186,0.18995813
0.22832508,0.1849982,0.24052547,0.2527992,0.2104175,0.2589393,0.12950593,0.21865182
0.21410951,0.31239867,0.25407425,0.32867733,0.23894383,0.28065062,0.18452455,0.2684758
0.13309474,0.16479142,0.18896918,0.27807358,0.18974346,0.24013121,0.12349494,0.17957735
0.11850415,0.14795668,0.17224522,0.19805449,0.17463614,0.18153177,0.10426514,0.16542928
0.09776623,0.11732941,0.13710523,0.16157568,0.13187656,0.16290987,0.09458773,0.120824814
0.1453533,0.17026392,0.23085243,0.23130158,0.23501882,0.22686487,0.16880086,0.23642235
0.117887855,0.11025673,0.13332798,0.15687817,0.12624188,0.15826175,0.09875675,0.12298438
0.1892752,0.17202531,0.2183307,0.2123442,0.18178646,0.23013704,0.1366716,0.19518358
0.12817828,0.17130299,0.15165803,0.22272083,0.15340157,0.14860642,0.11637028,0.17289823
0.1494511,0.16072747,0.17061527,0.21172059,0.16919406,0.17137201,0.12581998,0.18041568
0.1701514,0.16173242,0.18144429,0.22635074,0.19466163,0.20611465,0.1321899,0.18051559
0.090738185,0.12193349,0.12709318,0.14764977,0.11073208,0.14380305,0.090000406,0.11674229
0.12229494,0.14395037,0.17310618,0.20622502,0.18277532,0.22654459,0.12569171,0.15243971
0.13288149,0.14072311,0.1997093,0.23740743,0.19097547,0.22407924,0.12671736,0.1684159
0.15628508,0.17340784,0.18756248,0.25341344,0.17273289,0.20376651,0.12207754,0.19459775
0.15850459,0.19775343,0.18977371,0.24303362,0.18043037,0.20593914,0.13137248,0.2090026
0.15668683,0.14927228,0.22521223,0.2010585,0.15955804,0.20305271,0.11162609,0.1853953
0.17656672,0.1894836,0.23105213,0.3109802,0.21751308,0.2476741,0.13212335,0.22196458
0.12923796,0.1609731,0.16728559,0.20685446,0.1924103,0.19835638,0.13140778,0.17541084
0.14732277,0.19482934,0.22977267,0.25377864,0.19258255,0.22324198,0.14828837,0.19598003
0.13488418,0.14500569,0.17401609,0.19177434,0.17335467,0.1982552,0.11667186,0.16183606
0.17189552,0.1741412,0.20481704,0.24113376,0.16442555,0.1696125,0.11535365,0.18052348
0.11251953,0.14679407,0.18858387,0.20185961,0.15532799,0.20191026,0.12263431,0.15625522
0.13252936,0.18995443,0.18891293,0.22407296,0.1761511,0.19341184,0.12349396,0.18318129
0.16039369,0.17181848,0.19269404,0.24197592,0.1919422,0.17402849,0.12089711,0.16887887
0.14903478,0.14078383,0.17060743,0.1916004,0.15463239,0.20877558,0.11830682,0.14937785
0.14277798,0.15106721,0.21273057,0.2107508,0.21993683,0.21468796,0.13649252,0.19918464
0.13603611,0.15006936,0.16340098,0.20314996,0.1547682,0.17779198,0.11153295,0.1535647
0.14132059,0.18721323,0.18358235,0.21057688,0.18880522,0.20110571,0.13576213,0.19528708
0.1523644,0.15090096,0.20300305,0.2229852,0.16262305,0.19730629,0.11280568,0.16206746
0.13183995,0.16320375,0.21199061,0.21821713,0.16422074,0.19446605,0.13228989,0.19354017
0.14040755,0.13389067,0.1691685,0.18808104,0.15064484,0.18566619,0.098549,0.15507807
0.10057336,0.12489097,0.13609147,0.1522053,0.13906543,0.14177981,0.19351588,0.14952722
0.13065842,0.15821628,0.15698466,0.2743563,0.17243186,0.21057464,0.107419424,0.14526899
0.15004732,0.19668621,0.22284923,0.24211724,0.19777237,0.2199321,0.15236923,0.23551211
0.11823982,0.16116941,0.153936,0.17971084,0.15349576,0.14555319,0.16446595,0.1728545
0.12796997,0.13625537,0.19079088,0.19468156,0.17664814,0.21091108,0.1279336,0.16411422
0.16117384,0.1481744,0.14837013,0.20353001,0.18088515,0.18043494,0.1057184,0.15102986
0.114128016,0.1468644,0.14406137,0.18090098,0.15306693,0.15394089,0.13238968,0.13963783
0.11614066,0.12367087,0.13007629,0.17415015,0.12714112,0.16143253,0.10045764,0.12211911
0.14313513,0.1672147,0.20207486,0.20987418,0.20742232,0.25323159,0.14997491,0.21309203
0.13917147,0.16863465,0.15970506,0.2392872,0.19553678,0.21466838,0.12816969,0.1721592
0.13548426,0.1584542,0.16237503,0.21951953,0.14990388,0.18530816,0.11284092,0.15709804
0.1068635,0.1417719,0.1628234,0.20669293,0.15811332,0.17740184,0.12543793,0.14555249
0.12504877,0.13197985,0.15302041,0.21157582,0.14888221,0.15319654,0.10135538,0.14322889
0.13390185,0.15283781,0.18454798,0.20445423,0.1804432,0.20642924,0.12105901,0.19033767
0.18682778,0.17169744,0.19405112,0.24476288,0.19023119,0.21617296,0.12029642,0.17387646
0.10897767,0.1322474,0.14440414,0.22770417,0.1939157,0.21469273,0.11378772,0.15708824
0.186643,0.24650292,0.2630092,0.28095493,0.23538296,0.2623163,0.18013644,0.2737879
0.10599311,0.13382423,0.1352569,0.15978011,0.121685475,0.14422822,0.09474753,0.12706143
0.14194301,0.15460338,0.19331324,0.20603132,0.18161157,0.22452392,0.1248275,0.1789947
0.12807481,0.18043782,0.16550452,0.21201333,0.17330392,0.15223478,0.1845259,0.19307773
0.14955196,0.17482507,0.20247214,0.23323764,0.1739138,0.17056829,0.10787632,0.18633614
0.13511322,0.16559814,0.20859881,0.2371324,0.17440867,0.22707249,0.12671545,0.1836261
0.15799956,0.19395652,0.2575855,0.26422545,0.23689583,0.26940688,0.16919272,0.25294963
0.15788881,0.15546177,0.1759945,0.21450742,0.1618572,0.19248536,0.12665838,0.158008
0.15774979,0.19024475,0.26051167,0.26832733,0.25998285,0.2819255,0.1732899,0.28533682
0.09759975,0.13195859,0.13373561,0.15889436,0.13586068,0.15234059,0.13371642,0.13209549
0.18097654,0.16544364,0.2307262,0.22451507,0.19095992,0.24450925,0.12653613,0.18675786
0.12590028,0.16355707,0.19266431,0.21828456,0.16377918,0.1927913,0.119904876,0.1663278
0.14969634,0.15176293,0.1919212,0.24216565,0.18292512,0.23735723,0.12255171,0.18359004
0.15650405,0.19604577,0.2656116,0.26352382,0.23853156,0.25188598,0.17965086,0.26577157
0.15095344,0.18056992,0.17350282,0.267361,0.18543117,0.21113405,0.1422773,0.17839818
0.16992837,0.14450388,0.19443013,0.19434685,0.16904968,0.21549827,0.11859674,0.17702027
0.18114622,0.19233379,0.29724106,0.29887855,0.31546646,0.33277294,0.197236,0.3085583
0.121609576,0.14132582,0.15715457,0.2139934,0.15936308,0.189133,0.10633747,0.17233226
0.13807909,0.13353817,0.16859129,0.20911796,0.16146642,0.19023407,0.12662996,0.15928677
0.16846654,0.23894918,0.21301305,0.28939837,0.20494783,0.2647655,0.14514953,0.20277181
0.15946463,0.23185547,0.23726283,0.26073316,0.17994344,0.23446487,0.1353617,0.20399028
0.121676534,0.12577133,0.1959227,0.19745502,0.1521406,0.20510419,0.10340097,0.15777677
0.19409718,0.22178514,0.24227512,0.2530533,0.22200757,0.23578942,0.15645334,0.24597108
0.16653131,0.17100938,0.171,0.21605243,0.19416788,0.19588602,0.114611335,0.18843444
0.12394116,0.16329774,0.1668227,0.24237293,0.16509621,0.1821962,0.11282461,0.16395155
0.15679677,0.23185432,0.22191486,0.28494397,0.18522501,0.23961467,0.118981294,0.19215919
0.09209541,0.10960462,0.13898595,0.16468881,0.14602964,0.17837346,0.09396637,0.13494062
0.11981495,0.14816882,0.18743452,0.21288261,0.18870054,0.22859666,0.12273862,0.16726825
0.14104627,0.13339634,0.12993865,0.186603,0.13428587,0.16871762,0.09048172,0.1276157
0.1299061,0.1392242,0.14984864,0.17975059,0.16534677,0.1644136,0.11294398,0.14394566
0.14317517,0.14457674,0.16760044,0.22180659,0.17903556,0.18852493,0.11764527,0.16783303
0.10363741,0.11921888,0.16620187,0.18467364,0.13645157,0.1754099,0.11798008,0.14258555
0.13981995,0.17659406,0.21295126,0.23252034,0.1716279,0.21801868,0.12343833,0.17356437
0.09493555,0.11383792,0.124483585,0.14135243,0.10815215,0.12858438,0.087488756,0.10738022
0.09266706,0.11560281,0.12184392,0.15052928,0.1298164,0.12580794,0.10173405,0.11642908
0.120072685,0.15371001,0.18956952,0.20928825,0.18035428,0.20528996,0.123923935,0.17456114
0.14233102,0.14576963,0.17015618,0.21153991,0.17119461,0.17280525,0.11509083,0.17083788
0.1963981,0.14580296,0.18569532,0.19391707,0.16813107,0.20814668,0.116169915,0.1536284
0.13025312,0.13250305,0.18143833,0.21857649,0.2003608,0.24011886,0.13658942,0.17172036
0.2523466,0.3123821,0.29237238,0.33595318,0.25316578,0.30283496,0.19067903,0.2950503
0.15191917,0.19324587,0.17022279,0.22934215,0.19477132,0.20456965,0.13681443,0.1643308
0.14084496,0.17798494,0.16162875,0.19595724,0.15735258,0.15885216,0.113703184,0.16062264
0.12611118,0.2020303,0.16090186,0.19516654,0.15073769,0.15261075,0.15630504,0.17741646
0.1200303,0.17175786,0.21111369,0.23637688,0.15102018,0.17885473,0.119812146,0.15692756
0.16000095,0.17298287,0.20235783,0.2524597,0.180808,0.21131241,0.1293935,0.1904366
0.093738645,0.112447895,0.11201658,0.13613003,0.13182089,0.14842893,0.09332014,0.11079459
0.14113903,0.19562204,0.20796385,0.22319882,0.17101051,0.2128494,0.11438318,0.18716149
0.118627995,0.13927254,0.1795402,0.20584872,0.17678316,0.22307982,0.12657455,0.18743865
0.23776227,0.249112,0.22927712,0.32945678,0.23444289,0.295053,0.15245011,0.23557147
0.12238704,0.15364827,0.17043242,0.23375607,0.18107419,0.21376687,0.119984426,0.17846294
0.111830674,0.14991179,0.20246978,0.22771482,0.16100694,0.20006616,0.10954628,0.16773748
0.17510977,0.21777712,0.29913136,0.2914106,0.27647993,0.29701144,0.18473686,0.3063723
0.11794903,0.131447,0.12905651,0.16651839,0.16862458,0.15853937,0.10953644,0.12069198
0.13557182,0.13165568,0.17699149,0.18684222,0.14815743,0.16796175,0.09578778,0.13630654
0.16418375,0.15113278,0.2105343,0.2215198,0.17392927,0.23230477,0.110406116,0.17788436
0.21185619,0.25756842,0.2314556,0.30934313,0.22902024,0.2684037,0.1599939,0.23944078
0.15912229,0.16771926,0.17774445,0.21662596,0.1988309,0.18079598,0.13069089,0.18173242
0.16964602,0.2074267,0.30318508,0.26115558,0.27138996,0.23465201,0.1863758,0.30678165
0.13741986,0.15419634,0.16931936,0.21022917,0.18926246,0.21323165,0.11902735,0.19257915
0.13668637,0.15565199,0.17346907,0.19585201,0.15882742,0.20955478,0.11591646,0.1663229
0.16688146,0.18774013,0.27459577,0.2957014,0.28428876,0.29596278,0.1940573,0.29902565
0.14606562,0.18712316,0.16368218,0.31791842,0.19808485,0.20370556,0.12868814,0.17434421
0.1309094,0.13721998,0.17403325,0.19287413,0.14127897,0.16160034,0.10815853,0.16529767
0.11139325,0.13607556,0.1613404,0.20183708,0.16100413,0.20086977,0.10972448,0.16514735
0.10148352,0.12655522,0.1340029,0.16308366,0.13193166,0.13650392,0.12243227,0.13938704
0.13392349,0.15148656,0.19405234,0.24092561,0.16937523,0.21152136,0.11515813,0.16258822
0.13630544,0.16409914,0.1785497,0.20863992,0.15659294,0.1729594,0.12467403,0.15178244
0.18458956,0.17483136,0.24358173,0.23680358,0.18439357,0.233125,0.12916665,0.19290268
0.12762015,0.13914166,0.15862301,0.18378781,0.17357294,0.2011491,0.11369774,0.15535744
0.14568098,0.17360057,0.1741002,0.1930808,0.18100353,0.18142068,0.1598402,0.20154533
0.15517348,0.15358365,0.19320957,0.25689456,0.19414522,0.21103345,0.13712612,0.1944016
0.13614893,0.16089106,0.1882991,0.22785851,0.18672842,0.22138815,0.12588704,0.18039896
0.13013354,0.15928632,0.16585425,0.1955838,0.17931859,0.18422873,0.13844597,0.16172697
0.20960055,0.29107898,0.25000378,0.32549816,0.24209012,0.27270025,0.17920145,0.26158196
0.18001768,0.14775391,0.19752902,0.23605916,0.16577166,0.17163289,0.12088734,0.17438033
0.16047291,0.20281704,0.28733492,0.26485622,0.25938085,0.24311253,0.17622852,0.28023994
0.119949736,0.13187635,0.1494335,0.16133524,0.14319102,0.1788975,0.09965971,0.1501609
0.12705858,0.13055585,0.16741076,0.18332127,0.15093705,0.16244255,0.10046798,0.15552935
0.124991745,0.15143725,0.1974284,0.2295697,0.1635956,0.20112543,0.1205256,0.16592935
0.12998204,0.1414896,0.15880297,0.17553347,0.17017297,0.19102283,0.119864866,0.15887378
0.14191578,0.21800098,0.25314116,0.27858338,0.18435574,0.24396864,0.13591112,0.19391495
0.12104141,0.14380023,0.18440619,0.1830532,0.18036105,0.19417793,0.1166667,0.18023531
0.11867264,0.12728037,0.119090214,0.19886494,0.12267814,0.14722219,0.08797669,0.14415227
0.1689624,0.17090987,0.2019163,0.23682497,0.18748485,0.20454983,0.13335699,0.1870748
0.10216741,0.14969656,0.13428424,0.15701218,0.116118625,0.15126827,0.08448614,0.1293047
0.14052258,0.17982484,0.21790181,0.25015676,0.17553416,0.18460427,0.13653143,0.1921682
0.11244406,0.13826285,0.16221982,0.18647048,0.16861281,0.19856375,0.11785787,0.15070269
0.111270696,0.15825549,0.13616584,0.18312488,0.12679793,0.14204015,0.14986004,0.14599207
0.15922447,0.158926,0.17646773,0.20376456,0.1438374,0.16184834,0.10799101,0.1692308
0.14161718,0.14877468,0.19185336,0.20662928,0.15254791,0.19903482,0.11906231,0.16580169
0.20063658,0.22032179,0.29986796,0.26161367,0.22480516,0.2531429,0.17439476,0.26572302
0.14647454,0.19054465,0.24593014,0.26164097,0.25371483,0.24512751,0.1887648,0.27456748
0.15177827,0.16875625,0.19662485,0.21735777,0.16449927,0.22697383,0.13442266,0.17914163
0.18114592,0.1962549,0.29777944,0.29530838,0.28868392,0.31772402,0.18198353,0.3179232
0.14764144,0.15444164,0.19138025,0.19781728,0.18055299,0.22092889,0.12990065,0.18858069
0.11154656,0.13257797,0.15520787,0.19316575,0.1624046,0.19773605,0.10992381,0.15970099
0.14974552,0.18171832,0.23128706,0.2342581,0.18194817,0.23012204,0.13021728,0.19410804
0.15347143,0.14994612,0.21196976,0.19296141,0.17020069,0.20644847,0.11410351,0.17966314
0.1349581,0.15377478,0.2222578,0.21361823,0.15776746,0.21647502,0.11626148,0.18242256
0.1706148,0.1704638,0.24235895,0.28606987,0.26783225,0.29007748,0.19140244,0.27602154
0.1346868,0.17085397,0.16048571,0.24048889,0.19422935,0.21107164,0.12881416,0.1731488
0.12920718,0.13855267,0.15230006,0.23056926,0.17716366,0.19911064,0.12345466,0.14895757
0.122033656,0.1458885,0.16384502,0.18816473,0.15811467,0.17784616,0.1131746,0.16791072
0.15094608,0.14954334,0.22306012,0.24712323,0.19036001,0.25621924,0.12956202,0.17218594
0.12398049,0.15404198,0.16777167,0.20337309,0.190478,0.23413663,0.124927394,0.2032414
0.123831846,0.15852314,0.17114045,0.19802415,0.15956067,0.18562882,0.113787144,0.16161382
0.30241358,0.23465239,0.23796904,0.29156893,0.22773078,0.28722438,0.14174324,0.2433209
0.11452137,0.12663835,0.16010958,0.20056203,0.16998667,0.23475787,0.12529466,0.15589057
0.13686883,0.14572532,0.17121048,0.23448892,0.15070458,0.19275907,0.11165901,0.15853024
0.11853187,0.14355834,0.17052887,0.2185331,0.23111548,0.2409935,0.12380421,0.20700447
0.23928563,0.29652706,0.32781616,0.29985696,0.24245434,0.2809996,0.18871287,0.31318364
0.13106936,0.19719753,0.18859898,0.21573524,0.17518489,0.17456768,0.1732604,0.20674779
0.16146007,0.14662951,0.18090425,0.18432277,0.17622802,0.20042501,0.12655188,0.16384149
0.1568541,0.17101568,0.19260055,0.24406181,0.19578661,0.23795989,0.13742405,0.20200297
0.16823159,0.17534527,0.22462793,0.21351126,0.19514537,0.21159986,0.13084163,0.19624616
0.15921196,0.19826287,0.20377447,0.27111045,0.19368173,0.24656585,0.13195428,0.22020195
0.13371454,0.1732677,0.13538295,0.2455804,0.15407592,0.14014156,0.09787589,0.15833813
0.117039375,0.15077195,0.17393841,0.21336128,0.16747178,0.21265277,0.114090264,0.16223171
0.1205777,0.13470754,0.14935733,0.1895369,0.16025116,0.19476494,0.11122242,0.146712
0.2581947,0.22249432,0.20850371,0.26775447,0.21215002,0.27315548,0.12786956,0.21300884
0.17738406,0.21152937,0.28073752,0.28671572,0.2669367,0.26486948,0.1879875,0.28376058
0.13125844,0.1336593,0.13768543,0.18369193,0.12889227,0.15844834,0.089217745,0.13257016
0.1534449,0.19847079,0.19599742,0.25119236,0.19372915,0.20019835,0.14755404,0.20875748
0.17844222,0.17809817,0.2696442,0.2815259,0.28852493,0.34809747,0.16500112,0.28567135
0.14324072,0.18048836,0.14876881,0.18952726,0.17552638,0.1816909,0.13524027,0.15667525
0.12837622,0.15004703,0.20030783,0.19902137,0.16335256,0.21124396,0.11529451,0.17539115
0.15003823,0.14525509,0.206654,0.23023888,0.18576638,0.22628783,0.113425575,0.20415178
0.145503,0.1812894,0.21016239,0.25920194,0.2034679,0.21915156,0.13475275,0.17136754
0.114840254,0.15857466,0.17292084,0.20183648,0.15140839,0.20922329,0.11709497,0.18171823
0.11562305,0.15110697,0.18852222,0.21521185,0.1784824,0.20009752,0.11513985,0.17044687
0.107473165,0.14266594,0.15323263,0.18008521,0.17872587,0.22644188,0.116717294,0.16276231
0.18038172,0.30502102,0.2913789,0.31873417,0.25645632,0.2509232,0.19604477,0.30609843
0.16480812,0.14136438,0.15334553,0.1789712,0.15431052,0.16562279,0.09895908,0.16174844
0.17542468,0.14573754,0.20699272,0.21907476,0.1922434,0.24663697,0.13083619,0.19496147
0.19365586,0.14449632,0.22039181,0.22832519,0.19296463,0.25785327,0.13379957,0.21005155
0.107670106,0.14051206,0.14554329,0.19809546,0.13475561,0.16086566,0.100813575,0.14125551
0.1151152,0.14284477,0.13602062,0.18709658,0.14971183,0.16656478,0.10149394,0.124804735
0.13562824,0.14798325,0.20888767,0.21085536,0.19128689,0.23040956,0.1225494,0.18438023
0.13418007,0.13262643,0.17173697,0.17442523,0.1479213,0.17624353,0.13017382,0.15516818
0.10614004,0.14738414,0.13495527,0.16680214,0.13080138,0.13700745,0.13908842,0.14724979
0.1519179,0.23346235,0.25932643,0.2678182,0.23575866,0.22511138,0.17422998,0.26445773
0.14518625,0.16432579,0.20786938,0.24365516,0.2238916,0.24406616,0.1685031,0.21800101
0.12217458,0.15484256,0.14629112,0.24760954,0.16390806,0.17791854,0.1136263,0.16447426
0.23958436,0.1733428,0.21244216,0.22653684,0.20084774,0.2328434,0.12189639,0.197288
0.1331037,0.15527311,0.18870947,0.22941269,0.16625601,0.22179624,0.12801948,0.18162987
0.12847193,0.16739191,0.17671748,0.20509222,0.17128956,0.18017791,0.121898584,0.17157592
0.14862695,0.14608859,0.17485276,0.23652294,0.15303795,0.2238504,0.113880135,0.14374182
0.11477741,0.14562412,0.17491862,0.18329392,0.13076992,0.17228779,0.087911084,0.14988106
0.13800617,0.1497228,0.20406923,0.21348777,0.15059112,0.22907189,0.1124101,0.16352892
0.16175336,0.19423325,0.2806856,0.26996467,0.26565856,0.25761873,0.19286291,0.29188567
0.12998681,0.1774655,0.17540492,0.21695782,0.1715269,0.20042108,0.113139644,0.1765859
0.14639623,0.16441435,0.20686772,0.20543607,0.18691124,0.21695162,0.13313425,0.22883883
0.098218545,0.123665325,0.12152393,0.17676483,0.14038917,0.1434015,0.11916143,0.12273885
0.15224022,0.14062785,0.18334149,0.20527305,0.17001352,0.18967603,0.11311946,0.17299965
0.10424433,0.14345388,0.18054265,0.17796874,0.14177944,0.18482532,0.09598171,0.14896087
0.101552516,0.13176374,0.14355989,0.19738933,0.13921447,0.17522904,0.093515195,0.137751
0.111126415,0.13924049,0.15576984,0.19016685,0.15683052,0.17280935,0.13077101,0.15420406
0.1171389,0.13855332,0.13584605,0.16978903,0.14201939,0.16970493,0.12491363,0.13397717
0.12755486,0.1556711,0.15545118,0.22075783,0.20602784,0.17880288,0.13533747,0.14717971
0.13892642,0.18143898,0.1654354,0.22465079,0.15496945,0.18144852,0.1264103,0.16752158
0.122634366,0.13682655,0.16213943,0.19658372,0.19861959,0.20349362,0.10902886,0.1915537
0.13044073,0.18314293,0.21066128,0.221389,0.19366193,0.20293112,0.18381898,0.19437888
0.1578293,0.19230765,0.19906153,0.23859102,0.1969397,0.21794137,0.11869748,0.20414586
0.16373649,0.14775608,0.19885662,0.23409754,0.22254063,0.25655496,0.1239648,0.22750318
0.11519902,0.15287654,0.15175919,0.18639728,0.14457825,0.14592804,0.15984783,0.15434797
0.17155524,0.18063018,0.26520017,0.30381706,0.2965111,0.2999337,0.20296928,0.28658068
0.12143904,0.15877149,0.17116483,0.24488908,0.17204714,0.19709185,0.12003224,0.1729326
0.21428177,0.16452923,0.2079332,0.2011029,0.19667412,0.24547572,0.13364464,0.1989013
0.15169768,0.15623021,0.15933645,0.21463372,0.15267561,0.16871578,0.12065484,0.15481785
0.15520424,0.14626253,0.21481329,0.22827463,0.22906682,0.23209706,0.14087144,0.22263762
0.13292217,0.14874186,0.2100896,0.20979577,0.1547502,0.17583258,0.11164188,0.16145432
0.11492546,0.16917443,0.20116977,0.2295662,0.18013498,0.20263289,0.112962715,0.18447872
0.16176693,0.19317685,0.20177135,0.23705977,0.2028642,0.2579798,0.15341602,0.21401432
0.13909303,0.18687768,0.16902277,0.21559255,0.18047881,0.19758393,0.11739298,0.16766983
0.12353263,0.15096748,0.18326147,0.22544469,0.20565961,0.21009028,0.1486275,0.19316244
0.1312449,0.15449634,0.1759219,0.20724839,0.13544156,0.1756767,0.10232419,0.16237354
0.12484289,0.1553175,0.20957989,0.21916904,0.16813698,0.20093542,0.12140181,0.18545704
0.19410491,0.1553836,0.2615805,0.22978146,0.17109467,0.2351875,0.12364026,0.17867443
0.15267909,0.16533753,0.18512474,0.19823796,0.19041501,0.18863085,0.12652111,0.17599691
0.14492083,0.18200815,0.20672813,0.24066527,0.18430834,0.24597746,0.14414051,0.20916371
0.10290914,0.12635918,0.13361101,0.15922727,0.13488598,0.14653905,0.13811493,0.1232724
0.1192698,0.1544065,0.1495912,0.19851321,0.16182952,0.16340335,0.121701755,0.15646136
0.120462224,0.15544212,0.16734987,0.19066976,0.14441593,0.15229255,0.11791181,0.17186484
0.112386115,0.14855684,0.18434845,0.20381844,0.15530387,0.19566654,0.11129044,0.1507548
0.12828662,0.15876761,0.15837693,0.18701951,0.16485937,0.16939631,0.112907924,0.14556162
0.15389642,0.15742403,0.18489054,0.28474906,0.19368364,0.24240576,0.13475457,0.15540682
0.15018062,0.23335464,0.19836156,0.26023462,0.18721674,0.23213945,0.13308522,0.18214694
0.11573241,0.1399087,0.18972391,0.18377644,0.1501966,0.1951757,0.11189514,0.16758104
0.13849266,0.13425352,0.16355625,0.24873826,0.19697419,0.22935344,0.12816876,0.18581265
0.10244202,0.121619634,0.14001589,0.17433031,0.16378759,0.18048063,0.1011511,0.13176712
0.1901976,0.16432151,0.24442539,0.29736003,0.26400772,0.31402734,0.15447927,0.25274366
0.17859507,0.2461928,0.27665398,0.27587324,0.2188496,0.24372719,0.17809641,0.26666674
0.15932603,0.18560046,0.22561325,0.2524449,0.18265963,0.24211553,0.12975557,0.20425649
0.21256307,0.18256527,0.23362966,0.20784287,0.1977423,0.21494724,0.12793988,0.1950521
0.17263949,0.13310783,0.20412338,0.21356377,0.1867873,0.23824182,0.12188004,0.1928774
0.1540775,0.15678526,0.18546836,0.24228561,0.16949242,0.2289907,0.1231309,0.1754334
0.1361533,0.1676703,0.18288086,0.24717113,0.17277116,0.20768712,0.12746896,0.1904545
0.16992345,0.16139065,0.18192919,0.24822876,0.18504965,0.1998746,0.119994186,0.15137765
0.1320843,0.15009585,0.17212893,0.19952467,0.16793504,0.21029854,0.12258731,0.19593029
0.16967082,0.24480821,0.30001697,0.2810596,0.26245058,0.23267365,0.1872713,0.3029951
0.14987694,0.16336727,0.1936811,0.22493936,0.17654768,0.20627476,0.119961634,0.19302098
0.1260262,0.14832802,0.16364983,0.2350982,0.17955711,0.2018546,0.11521408,0.14932203
0.1697123,0.17771953,0.2806964,0.2851613,0.27842095,0.32924825,0.16824648,0.2971316
0.14842762,0.18501663,0.19573511,0.21843046,0.16165172,0.19579214,0.11638098,0.18146753
0.16875368,0.16526245,0.2107402,0.19536845,0.16674402,0.19889289,0.13191779,0.20181264
0.13041833,0.13680173,0.17584676,0.20433873,0.19965963,0.22463568,0.1231745,0.18793656
0.156693,0.15941298,0.18614624,0.21628125,0.18889862,0.19027553,0.124523796,0.19417632
0.12904897,0.17793027,0.19759355,0.2365022,0.17202036,0.16615064,0.12235508,0.17256305
0.12865151,0.1601916,0.19789974,0.17772439,0.1909712,0.17525586,0.12196204,0.1700547
0.15788488,0.19739802,0.18351977,0.2620887,0.19433665,0.24989833,0.13054691,0.1925754
0.13610303,0.1480232,0.1991319,0.19771387,0.17763554,0.21048453,0.13131921,0.19126217
0.16863915,0.16286293,0.26052633,0.28728688,0.28314954,0.3470971,0.16687708,0.2893811
0.16131093,0.14249662,0.16639577,0.19007303,0.1632493,0.19024974,0.09973358,0.1603284
0.14327788,0.13327418,0.166124,0.18499953,0.15874183,0.20348272,0.12050373,0.15641087
0.15403832,0.16571936,0.16502562,0.20798337,0.1849675,0.2168053,0.109835036,0.18103191
0.10937373,0.14233896,0.16080245,0.17864367,0.15559505,0.18460774,0.10599395,0.15394731
0.13999505,0.16362582,0.19979627,0.19861835,0.17578161,0.20915586,0.12551084,0.19093688
0.10121828,0.12333075,0.14577563,0.15784594,0.1299297,0.1523549,0.10006312,0.14698207
0.27902493,0.22093141,0.20918556,0.27731347,0.2335119,0.27154338,0.13461168,0.22180074
0.28512865,0.27420035,0.2741757,0.32610273,0.25021613,0.31072685,0.1681194,0.27844015
0.14448555,0.20033646,0.21744055,0.27895358,0.20238061,0.25032166,0.13303564,0.20648871
0.2538449,0.25139192,0.24074093,0.2847685,0.21868385,0.28073272,0.15013506,0.2446251
0.118762985,0.13995498,0.17164645,0.18363242,0.14714693,0.19358113,0.11144906,0.17146201
0.13598572,0.16811731,0.18577084,0.20675202,0.17753732,0.19855341,0.11539709,0.19853348
0.16802682,0.15901482,0.24677499,0.23875305,0.18905754,0.23816162,0.12599033,0.21138309
0.14438091,0.14740779,0.1770968,0.22852114,0.16445358,0.24089618,0.13525125,0.16060348
0.15562573,0.14801824,0.21658501,0.2502516,0.20939054,0.2527302,0.13129354,0.19015272
0.1395378,0.15602852,0.17109483,0.2170505,0.16506091,0.18910123,0.12909994,0.16971071
0.1216246,0.15558895,0.18755475,0.20606196,0.18229948,0.21338938,0.12176555,0.15837884
0.12405199,0.17759494,0.20730549,0.23432,0.15853973,0.16757888,0.12127333,0.14858277
0.11850594,0.1500024,0.1691338,0.17450166,0.15684548,0.1608058,0.12203266,0.14964879
0.119467825,0.15555938,0.16557823,0.17945689,0.14542465,0.1772415,0.15108421,0.17013097
0.12069517,0.18041834,0.15885352,0.27323577,0.1712606,0.16013224,0.12307572,0.16768806
0.105742216,0.12591115,0.15158498,0.20126401,0.17366724,0.1786318,0.10732921,0.13080432
0.15553284,0.16337696,0.1930897,0.23980671,0.15476398,0.21210419,0.115253225,0.17961584
0.1354968,0.22880957,0.24556401,0.26313418,0.17054982,0.21965435,0.12958775,0.18248418
0.29540733,0.20379533,0.25208023,0.24432969,0.23216558,0.26904434,0.14686409,0.21306552
0.13198747,0.13891707,0.15866266,0.21171595,0.16026926,0.16072094,0.11167986,0.1486644
0.12621796,0.15719418,0.19166468,0.19978492,0.17408733,0.21894054,0.12624152,0.17792389
0.10674354,0.14904541,0.13727714,0.17720546,0.15039638,0.15977758,0.124191135,0.13340506
0.13324006,0.13755627,0.18518822,0.20739523,0.19252294,0.24011287,0.11682543,0.16980536
0.12054701,0.16689251,0.17624952,0.20843242,0.18841334,0.21663144,0.11453562,0.19723372
0.18418325,0.15290758,0.20341812,0.22190346,0.18220907,0.22010118,0.118921965,0.17935774
0.12029969,0.112584196,0.126393,0.1806227,0.13135847,0.14748539,0.08583714,0.1332469
0.1605232,0.16480039,0.23759978,0.2262776,0.1910483,0.22657171,0.1554997,0.20200484
0.11866932,0.143253,0.16594039,0.18189937,0.14342925,0.18266451,0.12824118,0.15532495
0.13274162,0.15385519,0.1856776,0.22102061,0.18077372,0.215201,0.1244677,0.21304145
0.09224528,0.119204275,0.14989603,0.16516247,0.14778605,0.18247472,0.093700744,0.13657945
0.112799086,0.14068738,0.15566686,0.2085532,0.15844521,0.14756761,0.14439541,0.16090506
0.15800485,0.1348987,0.1630219,0.20448616,0.13702087,0.1633311,0.09987088,0.1483566
0.15930459,0.15427482,0.17950472,0.19761726,0.16302127,0.176065,0.11918359,0.15039918
0.121330366,0.12430486,0.15703249,0.16268793,0.14633997,0.16642712,0.09098804,0.14818296
0.14859386,0.16604634,0.21194275,0.21245232,0.17683148,0.20351268,0.14091727,0.20431924
0.14133148,0.15384854,0.1621849,0.19361545,0.18473569,0.17316808,0.11881745,0.16271402
0.14174178,0.14691122,0.2014481,0.2016714,0.20464781,0.19634189,0.12996279,0.20163797
0.15046251,0.1664527,0.1646659,0.20668578,0.16407299,0.18490864,0.12823232,0.17192473
0.12774886,0.16033338,0.19936402,0.23097643,0.16843402,0.21850099,0.13222615,0.17823169
0.1162405,0.15081547,0.14796214,0.18929794,0.18206167,0.16095127,0.12749097,0.15441313
0.11440764,0.14560279,0.18753521,0.1908882,0.16502789,0.21705319,0.118603,0.1798277
0.19329913,0.20690756,0.3041943,0.25089368,0.22308159,0.2395825,0.16460036,0.26618052
0.17610125,0.16351256,0.23628043,0.2665932,0.26451424,0.2943119,0.16379106,0.25273082
0.10551913,0.118871644,0.13173565,0.15202144,0.13185735,0.14535,0.09826795,0.12256825
0.14663006,0.14628337,0.18414629,0.20194301,0.18877451,0.20000859,0.12955427,0.17298605
0.13429397,0.1589436,0.16141883,0.19863357,0.15933281,0.17320652,0.112223454,0.16128176
0.16444811,0.16859646,0.23118356,0.22029448,0.19858477,0.21316224,0.14270197,0.21772216
0.14879721,0.16951586,0.1794352,0.20289066,0.16487005,0.18494506,0.15349281,0.18970098
0.19398578,0.2016493,0.22613475,0.24906777,0.2160776,0.26214427,0.1649636,0.22867079
0.17296416,0.18428154,0.21243297,0.22332805,0.18760471,0.20937754,0.12465491,0.1898774
0.14065698,0.17171893,0.18456952,0.23600937,0.19973166,0.23142001,0.1290473,0.2332952
0.15038131,0.14993706,0.15686268,0.21557567,0.15311258,0.16792607,0.106337905,0.17055456
0.14773004,0.1725506,0.1851858,0.22183773,0.1712192,0.19546366,0.12527284,0.18519662
0.15205657,0.18022718,0.20606796,0.2974648,0.18710822,0.21590438,0.1223594,0.19630831
0.105493076,0.1296367,0.17191048,0.17112356,0.14985427,0.18102005,0.11242031,0.17214422
0.14013053,0.17465204,0.20247862,0.24189004,0.19683321,0.22808985,0.1226952,0.1659443
0.12928483,0.15178767,0.17006373,0.2092145,0.17387322,0.1876723,0.1394641,0.18517527
0.21804881,0.26583678,0.3169405,0.26116365,0.22511536,0.25401425,0.17133257,0.29268876
0.20821068,0.25939298,0.22918311,0.28830746,0.23357813,0.2720651,0.15546687,0.2425212
0.13370954,0.15924823,0.16047731,0.25410354,0.18942404,0.2260883,0.12169415,0.18962374
0.11260962,0.12689304,0.1552161,0.16839756,0.18864672,0.1664276,0.11290383,0.15813759
0.1343907,0.15152173,0.1654004,0.19608733,0.17315394,0.1882843,0.10825472,0.15640764
0.19624785,0.18351178,0.2275427,0.2446985,0.18703884,0.23147976,0.14940545,0.18447
0.0952159,0.13795851,0.12028237,0.16832961,0.13621396,0.13842204,0.13426635,0.12486659
0.11795333,0.14511919,0.19360815,0.1965096,0.17149615,0.2083515,0.11790473,0.16906838
0.1351014,0.15811892,0.1606984,0.28431085,0.18410744,0.16370569,0.13209158,0.16641511
0.2503322,0.23684207,0.24116324,0.3251193,0.24335104,0.29720324,0.15373959,0.23875433
0.1202135,0.16707054,0.15111189,0.18766959,0.16134636,0.17635494,0.17682014,0.16407752
0.203777,0.1730325,0.21655416,0.22280556,0.18788195,0.22978693,0.13083085,0.19026956
0.12918876,0.16142572,0.22229159,0.23141123,0.1674611,0.2098734,0.11358389,0.17655282
0.13035706,0.14731598,0.18571883,0.19031501,0.16493696,0.16909711,0.11135451,0.15890086
0.11768714,0.17300719,0.14893503,0.2540311,0.17236948,0.20612311,0.11574499,0.1798896
0.13215704,0.15814832,0.19613473,0.23485307,0.17769304,0.2073135,0.12698656,0.191882
0.17149694,0.18105668,0.26655424,0.28347418,0.27682626,0.30125552,0.18782979,0.29211274
0.14692003,0.1448751,0.15481502,0.21910472,0.14742333,0.16624406,0.09946472,0.15718143
0.12948316,0.1540498,0.15824752,0.1947342,0.15685289,0.18759063,0.109710604,0.14866552
0.12349538,0.14286456,0.14557335,0.1895978,0.16613384,0.16968903,0.117030695,0.14572339
0.1190276,0.14043836,0.1728214,0.18422239,0.18771145,0.20038565,0.12489469,0.15053804
0.16106346,0.15568218,0.23232,0.21903262,0.178723,0.21268053,0.13554342,0.20887412
0.111239746,0.15037741,0.15595855,0.19220826,0.15145569,0.21330905,0.11497491,0.15992028
0.1426324,0.13874072,0.18112005,0.23072839,0.21610776,0.23731107,0.1250847,0.18663634
0.1734353,0.18563968,0.21256529,0.24237934,0.18918839,0.21603574,0.13947704,0.1916558
0.16264507,0.14742424,0.20166415,0.24121295,0.19470288,0.24200812,0.12923041,0.17217177
0.136898,0.14775486,0.18541819,0.22184107,0.2232349,0.2643724,0.14568588,0.20138413
0.13704856,0.15352689,0.2017902,0.24833632,0.16242269,0.21021321,0.11457071,0.16002725
0.14413406,0.23236248,0.19743784,0.281164,0.1907034,0.21996737,0.1321679,0.20480008
0.14161408,0.16190314,0.17538425,0.26920697,0.17954524,0.19859481,0.11428829,0.1817061
0.17070258,0.16067782,0.21288252,0.2365233,0.1774944,0.22095305,0.13516751,0.16702804
0.13211246,0.15094602,0.16180548,0.18323784,0.19242209,0.17580901,0.119591594,0.15713832
0.1204863,0.14239186,0.17302714,0.20506768,0.14208238,0.16162558,0.121288285,0.12624232
0.14598832,0.19781053,0.23496735,0.24780686,0.18045112,0.18390276,0.12817663,0.19406779
0.1427698,0.1878726,0.23898457,0.25455406,0.23876062,0.25020072,0.17431672,0.25973925
0.12907001,0.16224024,0.17920895,0.19992352,0.17883664,0.20736404,0.1266462,0.16711333
0.15967694,0.16407076,0.18876758,0.273839,0.21717374,0.26027822,0.15076515,0.18378012
0.23294768,0.23984256,0.23195645,0.3166298,0.23421302,0.28847697,0.15911998,0.24452053
0.099457406,0.1275195,0.16688474,0.1804915,0.14011322,0.15926096,0.107575886,0.13798723
0.1347291,0.1592333,0.20418717,0.23596552,0.1569446,0.1675189,0.11283944,0.16104457
0.13439704,0.13085379,0.15913387,0.22889726,0.14845717,0.20328264,0.10789468,0.14840545
0.13540472,0.15480234,0.20306142,0.21727912,0.17500062,0.22854163,0.11620745,0.17685683
0.17069513,0.12438933,0.13488115,0.16298448,0.13131984,0.16511858,0.08147237,0.12915291
0.13863374,0.18712322,0.22630963,0.2618069,0.17554334,0.19598426,0.119570665,0.20610791
0.11758058,0.1360144,0.17303184,0.16058484,0.1494109,0.17488702,0.09234285,0.15969376
0.15218914,0.18237303,0.21593131,0.30219558,0.19976674,0.2617973,0.13562812,0.20628293
0.12652995,0.16643415,0.18158107,0.2428785,0.18168232,0.18614797,0.116998136,0.16839042
0.15524375,0.16883154,0.22147126,0.22070058,0.18113779,0.247745,0.12883984,0.19353889
0.12121943,0.1446605,0.1511876,0.20763288,0.18570611,0.16972263,0.12371944,0.14232466
0.15138249,0.17616017,0.19186726,0.2423733,0.18481332,0.19085476,0.12604003,0.21331072
0.12573554,0.14758082,0.16512965,0.18888296,0.15278035,0.16320345,0.10716804,0.15075403
0.13981205,0.14652918,0.16669096,0.18637872,0.19361587,0.18482408,0.12391153,0.17149884
0.11491034,0.12731363,0.1486041,0.16709311,0.17729826,0.17604323,0.12085533,0.15500422
0.1679935,0.13374828,0.17277922,0.17884602,0.15270443,0.20712596,0.11768176,0.14270942
0.17844963,0.16585983,0.260886,0.29495236,0.29055512,0.33874133,0.1756823,0.27447194
0.18772098,0.2718919,0.299898,0.28912196,0.23700155,0.2500172,0.19210547,0.2870441
0.121768884,0.16799138,0.18886685,0.27917928,0.16739951,0.21200441,0.11461467,0.2020902
0.12174638,0.1406441,0.18059774,0.20211354,0.17082168,0.19000986,0.110824816,0.15329516
0.111603945,0.15266016,0.16955215,0.23632652,0.1705437,0.18265638,0.10741008,0.1620528
0.15146832,0.19962601,0.20014739,0.26084593,0.19213715,0.18182044,0.13346586,0.21335219
0.16162388,0.16374977,0.20467539,0.21440636,0.17357294,0.20243354,0.13092847,0.19042414
0.1210486,0.15119992,0.19233339,0.24009506,0.23354532,0.26785573,0.13530308,0.19850674
0.12869063,0.15863438,0.13561459,0.24638301,0.15742297,0.1452418,0.0923,0.1489829
0.13594814,0.15510376,0.18077645,0.20610568,0.18546286,0.22428854,0.12619106,0.18583351
0.11305753,0.13649099,0.1491939,0.16750425,0.13094,0.1614279,0.13965032,0.1502738
0.11811825,0.13455094,0.15668963,0.18559366,0.16660629,0.19551207,0.120416336,0.13222562
0.13604847,0.13683501,0.153728,0.21628572,0.14507021,0.15683223,0.09563229,0.14761642
0.15533577,0.20174612,0.19642194,0.23280646,0.17989914,0.19468033,0.14405045,0.18569489
0.15796775,0.16065979,0.21702173,0.26820907,0.15662031,0.21932903,0.11584288,0.1852548
0.15654656,0.18234102,0.24259108,0.21770522,0.21748856,0.22453913,0.14852028,0.23602782
0.12920383,0.20297673,0.2151214,0.25038844,0.16787596,0.19430117,0.1302348,0.16037214
0.14266066,0.24328433,0.21558176,0.28242582,0.19082364,0.21887723,0.13398437,0.2109121
0.15397806,0.15493378,0.18779022,0.22900015,0.1795008,0.2094742,0.120311424,0.17401773
0.17930143,0.2515043,0.24228685,0.25926182,0.22930461,0.23007552,0.14996456,0.26556006
0.15616465,0.16199201,0.2511238,0.22560924,0.17263593,0.22998525,0.12118379,0.19744237
0.12881312,0.13819174,0.18499388,0.19897094,0.18048647,0.2319775,0.12238385,0.1909461
0.14857437,0.2324738,0.25962162,0.26446643,0.19612418,0.23296212,0.14268237,0.20303735
0.16248566,0.15612873,0.21971641,0.23191516,0.17557316,0.21957578,0.120029375,0.16803078
0.16664997,0.23146975,0.24519068,0.27182308,0.23494844,0.2528498,0.17266075,0.24805163
0.13165307,0.19807567,0.22297478,0.25751743,0.15888058,0.2041949,0.12630923,0.16820236
0.19176349,0.1664987,0.25047752,0.23033847,0.19690096,0.2502105,0.13139491,0.19733812
0.12817079,0.15874186,0.15913591,0.16476485,0.18121774,0.15750486,0.17038974,0.15440288
0.1942729,0.17085016,0.25486133,0.2543801,0.2158643,0.26285043,0.14653929,0.20298292
0.1648865,0.17122088,0.2531775,0.22202438,0.17409079,0.22912392,0.13015436,0.19361143
0.10714387,0.13513255,0.15157692,0.20315383,0.15093464,0.13674314,0.099118754,0.1423033
0.13080494,0.17828678,0.17671351,0.19625288,0.15371406,0.15129678,0.15388094,0.17227276
0.15858918,0.2275472,0.25330853,0.2601632,0.18105775,0.23706272,0.13856752,0.21050854
0.12890622,0.12211543,0.16936906,0.21189095,0.14646219,0.20491599,0.100468606,0.13870306
0.15729098,0.1924116,0.18783425,0.26193598,0.19385494,0.25361437,0.13457292,0.18980563
0.13632435,0.14560105,0.20905058,0.20637792,0.17105725,0.20533402,0.11299859,0.1596526
0.25410965,0.21662655,0.24866608,0.30594254,0.23653097,0.3004343,0.15631573,0.24648821
0.17096965,0.15641843,0.1635427,0.22895895,0.16179842,0.16975205,0.1078759,0.16612682
0.1018408,0.13612449,0.14482479,0.1472551,0.13319902,0.13604885,0.17759089,0.15404925
0.09083854,0.12539622,0.14061543,0.1467628,0.1324976,0.14802168,0.094741635,0.1285633
0.13897288,0.14676072,0.19606589,0.21489649,0.18765767,0.23148064,0.12950736,0.16097158
0.12215157,0.16375105,0.13763118,0.19200836,0.17144656,0.17637394,0.12326734,0.15811916
0.1728619,0.1460924,0.21482907,0.2589292,0.24751195,0.31922725,0.13948931,0.22392152
0.15969016,0.18600352,0.21391776,0.22848815,0.2062608,0.25228906,0.13756727,0.22555614
0.12709987,0.12972446,0.16042858,0.1717884,0.16698484,0.16409464,0.101083614,0.14951831
0.13034612,0.18924643,0.18804266,0.21132597,0.20852408,0.23404688,0.13815711,0.19823326
0.123808876,0.17083813,0.17726022,0.20835163,0.16550174,0.2185493,0.13117743,0.19548653
0.1211201,0.14189605,0.16591197,0.20417719,0.16464412,0.1891062,0.1160467,0.17770697
0.11993527,0.15702683,0.17049365,0.22767828,0.16111565,0.2106641,0.11172117,0.17586885
0.16826822,0.20244482,0.1985886,0.2577209,0.1953623,0.2137273,0.14296597,0.18567644
0.10562014,0.14300036,0.17711653,0.19142468,0.16112247,0.17027466,0.12483191,0.16439013
0.13084452,0.15657851,0.21278784,0.2100662,0.15950958,0.18125547,0.11687274,0.16631414
0.12901308,0.1691508,0.19249675,0.20649646,0.15388405,0.1966707,0.12464178,0.17881478
0.1646945,0.17138973,0.23661588,0.25435215,0.20189191,0.24234791,0.1619767,0.21082978
0.14026603,0.13231423,0.1801681,0.20794599,0.18621719,0.24097466,0.13283662,0.17172572
0.11953438,0.1393584,0.20800287,0.18976377,0.15876251,0.19225587,0.112355895,0.16062114
0.16441014,0.16718438,0.21844746,0.2502999,0.1889369,0.22480027,0.11919942,0.21065764
0.11953903,0.1384475,0.17213142,0.17142288,0.15272065,0.16913377,0.108183645,0.16456719
0.11098376,0.14053547,0.14953215,0.18442895,0.1471014,0.15244986,0.16346645,0.14156494
0.1432444,0.14504059,0.17979667,0.22486329,0.21360399,0.24926504,0.12996927,0.19380933
0.1343416,0.13386175,0.16084287,0.15392165,0.13180663,0.1807959,0.11719335,0.13446867
0.18797228,0.14770095,0.16929702,0.23227757,0.15858966,0.17334437,0.10485726,0.14913437
0.12120026,0.15444022,0.18987918,0.20777053,0.15540406,0.19923654,0.11944857,0.15270081
0.13740689,0.18049645,0.18043655,0.28509685,0.17402722,0.17160906,0.13204788,0.19475894
0.15668507,0.15312485,0.20964661,0.23959202,0.17982724,0.20937982,0.11568951,0.17897116
0.117924266,0.14365369,0.1292113,0.16084926,0.13052864,0.15852447,0.10550902,0.12728626
0.13445963,0.14558624,0.17189243,0.21387963,0.16793191,0.18794368,0.11402029,0.16750541
0.10089521,0.13529235,0.16124967,0.17018646,0.139771,0.14889373,0.16260259,0.1594753
0.11120251,0.14902116,0.17971595,0.16743083,0.14360453,0.17459331,0.099325344,0.16017267
0.12641609,0.19963823,0.17390175,0.22119804,0.17932534,0.15569548,0.16087858,0.20284371
0.11365178,0.13135563,0.13118514,0.16220039,0.13787237,0.13800037,0.12533402,0.13060585
0.16191693,0.15713513,0.20903553,0.23850514,0.21034701,0.24961612,0.15177354,0.19813053
0.12209156,0.16326326,0.16259313,0.2025037,0.15264642,0.18029201,0.1108115,0.15473199
0.13496096,0.19479443,0.1602733,0.28357005,0.19058894,0.2185524,0.1309865,0.18220305
0.11230214,0.13364299,0.14465947,0.20775586,0.20094718,0.20609419,0.11218033,0.16783443
0.16197121,0.15168217,0.19006133,0.26047567,0.1777469,0.20796613,0.116092004,0.16258742
0.15494522,0.17221552,0.1739544,0.1970067,0.21052124,0.20509954,0.13280253,0.17598398
0.13373156,0.13959843,0.18633279,0.22616795,0.20126855,0.23174079,0.13724989,0.162396
0.13539335,0.15173066,0.166516,0.19571672,0.17615998,0.20552959,0.118753865,0.16888084
0.13853274,0.19774432,0.2306971,0.25530484,0.1747302,0.22951074,0.12663464,0.18606728
0.1281561,0.14837141,0.16408078,0.20283154,0.18208541,0.1773538,0.1233718,0.18252794
0.1522122,0.2202856,0.25881985,0.26310354,0.24104548,0.22165875,0.1736306,0.27723178
0.14376433,0.1699086,0.20635465,0.24485886,0.18448487,0.19983406,0.1114674,0.18903929
0.13526045,0.16518252,0.18611735,0.25889647,0.16850473,0.18958944,0.116294585,0.19260402
0.1621638,0.18684317,0.2527466,0.2354127,0.18531604,0.21100101,0.13118352,0.21336691
0.1951871,0.2940816,0.26190722,0.3103845,0.23365872,0.2576255,0.17784555,0.26103872
0.12226955,0.18292736,0.18134803,0.24746186,0.16389619,0.19658521,0.11583222,0.16085099
0.16108729,0.15719861,0.15846881,0.22470407,0.15032394,0.1785149,0.105297476,0.16252975
0.124386,0.1343046,0.16053188,0.18796693,0.17305839,0.2018155,0.13640967,0.16101663
0.1757801,0.17450014,0.20189798,0.24686609,0.20454006,0.21139154,0.15222923,0.20286673
0.19619352,0.23671453,0.28573513,0.27072626,0.21282098,0.26001415,0.18024401,0.27008426
0.10370439,0.15203461,0.13025072,0.20246206,0.15042928,0.14811337,0.11705369,0.13765974
0.1808285,0.1666235,0.19370289,0.2305956,0.18134801,0.19187146,0.11207471,0.17953555
0.12843487,0.1627006,0.16429229,0.19653048,0.1568736,0.17655592,0.12259078,0.14272198
0.10953596,0.11499266,0.16166492,0.1813937,0.12646824,0.17047663,0.09721397,0.12886412
0.14857732,0.14710109,0.18168494,0.20749581,0.17880008,0.17331393,0.11601876,0.17751285
0.117153086,0.14862654,0.15579948,0.22033222,0.18140228,0.17728022,0.1256961,0.15536176
0.12381935,0.15419783,0.17217498,0.18764786,0.17235076,0.1816211,0.11489612,0.16905084
0.11989395,0.13892795,0.16654551,0.2356421,0.16840106,0.22417726,0.10335411,0.14506896
0.22212248,0.2316638,0.28450027,0.2693095,0.21588162,0.26605028,0.16476732,0.25048772
0.14247105,0.18670894,0.2140055,0.21721523,0.16710846,0.20489714,0.12089611,0.18995103
0.14511913,0.15785477,0.21831666,0.21931101,0.18825053,0.23772815,0.1258593,0.17441395
0.13912545,0.16784959,0.17204097,0.2157985,0.20885071,0.20188583,0.13778009,0.16402416
0.1531345,0.17003068,0.20223778,0.24364012,0.19376633,0.21877822,0.13401708,0.2259906
0.10465557,0.13401635,0.18660285,0.18969181,0.15725408,0.20741343,0.110108495,0.15762185
0.23376963,0.17667332,0.22923309,0.22955747,0.19713524,0.23890987,0.119995184,0.19437605
0.15621981,0.14580417,0.19708057,0.21360686,0.16514058,0.20449963,0.10941095,0.17639929
0.09626258,0.11303882,0.14683019,0.16974425,0.14953612,0.18987888,0.10179681,0.13356459
0.20602357,0.30660725,0.26647118,0.3124262,0.23560143,0.2732791,0.18432121,0.26919052
0.1314511,0.14615335,0.20188534,0.18769582,0.18171749,0.21649784,0.1182577,0.18799238
0.18882999,0.16089354,0.22504374,0.20231038,0.17099744,0.20964535,0.11215006,0.18079326
0.14300372,0.14691828,0.18481411,0.21157466,0.16106515,0.17421427,0.112328574,0.16396753
0.14966816,0.13691166,0.14688382,0.18281272,0.1368377,0.14919418,0.10235407,0.14506154
0.095659204,0.1197176,0.12456596,0.15163513,0.12643637,0.13425943,0.102881074,0.11420448
0.08634765,0.11978253,0.13580403,0.15541054,0.1297947,0.1532477,0.093840785,0.12422528
0.15926611,0.16254969,0.18909253,0.26389527,0.21968323,0.22623728,0.13584854,0.19192617
0.1350707,0.17438506,0.15318684,0.23357086,0.18935072,0.17927599,0.14652938,0.16399376
0.18360114,0.15874946,0.2451869,0.27180418,0.26059318,0.30487666,0.14874277,0.24576
0.17636271,0.15351933,0.19731367,0.17898607,0.16171865,0.1891516,0.12208202,0.18863536
0.1690148,0.20925207,0.16866785,0.266552,0.19706316,0.20259655,0.13590482,0.16623658
0.11092352,0.13803478,0.18247321,0.18501377,0.15303071,0.1960886,0.115265675,0.15312098
0.116487086,0.16004302,0.17032519,0.23684347,0.15919343,0.19587715,0.10385953,0.16745119
0.13620558,0.17006762,0.15860267,0.2071014,0.16732234,0.22442558,0.1193807,0.17854418
0.14452581,0.16315787,0.20000744,0.22459872,0.19841316,0.21715362,0.14369643,0.17494377
0.17162028,0.19526601,0.25350186,0.27075955,0.21350685,0.2525617,0.13672583,0.22464176
0.24988616,0.2288676,0.1974641,0.26562762,0.22213063,0.25440657,0.13172777,0.21266438
0.12555936,0.16121052,0.17197889,0.18403678,0.15640615,0.18792306,0.18927981,0.16455938
0.19229278,0.25916597,0.23042412,0.28822175,0.22360896,0.26843762,0.16216795,0.24289133
0.17065363,0.18932319,0.28137124,0.30559984,0.2980145,0.338775,0.18722875,0.31222162
0.11938667,0.12917311,0.16449586,0.17202802,0.18012793,0.17780228,0.10777685,0.16510075
0.13245314,0.11917478,0.15962552,0.23079893,0.17479992,0.23549461,0.11398928,0.16934192
0.16389605,0.2060672,0.2394055,0.2265073,0.20929967,0.24812762,0.14556508,0.24021982
0.1372258,0.15167518,0.1683515,0.21890238,0.1607466,0.186806,0.1148984,0.15714936
0.15111834,0.13167389,0.16167189,0.19731165,0.14554097,0.18426189,0.0892832,0.14027996
0.09287298,0.11973355,0.15098031,0.1586299,0.14970824,0.1736918,0.105317436,0.13031492
0.12455801,0.14793377,0.17560177,0.2123877,0.14914013,0.19439982,0.11757171,0.16561262
0.19587915,0.17051022,0.20655735,0.22431773,0.19883715,0.2224028,0.12288068,0.18762042
0.13218218,0.14064585,0.1641919,0.19487418,0.15123338,0.20811203,0.1178984,0.14991738
0.12938471,0.15441415,0.17371269,0.20854218,0.16833894,0.21892568,0.10938617,0.18732862
0.117527716,0.12897632,0.17154257,0.16404681,0.13462704,0.1586661,0.100665264,0.15653305
0.1470842,0.14548856,0.18057655,0.26950586,0.19840702,0.2424029,0.13267308,0.16050766
0.11573489,0.15040256,0.13702743,0.17768824,0.14024718,0.14756969,0.12027955,0.13205776
0.12706213,0.13194211,0.16314213,0.2329394,0.1546342,0.18119343,0.11497219,0.1556272
0.16480008,0.22484222,0.2539905,0.29776552,0.20085156,0.26826507,0.123604275,0.23224686
0.15907846,0.21443439,0.2264892,0.27028027,0.19764951,0.23049676,0.14487123,0.20194642
0.12897886,0.16444132,0.18779203,0.24058378,0.24078982,0.2600238,0.14332105,0.20787503
0.14636934,0.17387922,0.24204129,0.23551103,0.17685595,0.22649834,0.12753688,0.18036996
0.13605626,0.15424985,0.17833088,0.21840331,0.21758527,0.2299116,0.12164182,0.22121608
0.12248687,0.1522201,0.18431117,0.20110619,0.14717594,0.20527337,0.112743944,0.153894
0.10636463,0.12506138,0.173121,0.17418975,0.12571374,0.19736874,0.089459375,0.14126453
0.113571785,0.14947292,0.1702338,0.19069417,0.15774654,0.19483244,0.118852526,0.14922576
0.2699759,0.268766,0.31549188,0.3023977,0.24145006,0.29097316,0.17509528,0.29795098
0.25387585,0.21674733,0.24697654,0.27894542,0.23303227,0.28153834,0.14968988,0.23768137
0.14473157,0.1523152,0.16295871,0.22380166,0.16450684,0.1939561,0.11837276,0.15681295
0.13752834,0.16941975,0.16369188,0.22693162,0.16165541,0.15008137,0.11567321,0.16165927
0.13738811,0.15140389,0.14050455,0.22325687,0.13588488,0.14801916,0.10478306,0.15810098
0.1102895,0.14937995,0.12736753,0.22108132,0.1602997,0.14156593,0.13584736,0.114239715
0.10498698,0.117893904,0.14161725,0.1607579,0.13647074,0.14600104,0.12234044,0.16508453
0.1784757,0.15976734,0.18271099,0.20781544,0.16745229,0.16942413,0.12053953,0.15895464
0.12993732,0.15451996,0.13887163,0.26476428,0.2057242,0.16551612,0.1273313,0.14456129
0.14175697,0.16308294,0.1961026,0.2583066,0.23460403,0.26094055,0.1440573,0.20635681
0.12896891,0.13602181,0.19798861,0.17838977,0.14499146,0.17359576,0.10829776,0.16376336
0.13574417,0.18312731,0.21555196,0.21937905,0.1556986,0.20302646,0.1200833,0.18409859
0.1022857,0.13535568,0.15827127,0.19874358,0.16145584,0.15254395,0.13055132,0.15258776
0.12255396,0.14178492,0.17227739,0.23810153,0.16074105,0.21034428,0.11097614,0.15630198
0.12037715,0.14221378,0.18068404,0.21803042,0.14856969,0.19642559,0.107463896,0.16699181
0.16561578,0.20292605,0.26697007,0.26291892,0.23895815,0.25685292,0.17494552,0.2573025
0.14544635,0.16132867,0.21495667,0.245226,0.21839747,0.22940996,0.1544075,0.20948757
0.119522505,0.11673637,0.1530723,0.17732504,0.14696819,0.17124103,0.10448141,0.12650207
0.13708517,0.15988325,0.18125942,0.21674165,0.16164082,0.19019048,0.12016766,0.19105871
0.13715446,0.14038463,0.1951847,0.19369258,0.18752596,0.1886798,0.121764004,0.1797806
